{"strategy":{"scal":{"trades":[{"pair":"BNB/USDT","stake_amount":11.84807,"max_stake_amount":11.84807,"amount":0.013,"open_date":"2025-11-20 02:15:00+00:00","close_date":"2025-11-20 04:30:00+00:00","open_rate":911.39,"close_rate":906.47,"fee_open":0.001,"fee_close":0.001,"trade_duration":135,"profit_ratio":-0.007385563667726079,"profit_abs":-0.08759218,"exit_reason":"exit_signal","initial_stop_loss_abs":874.9344,"initial_stop_loss_ratio":-0.04,"stop_loss_abs":874.9344,"stop_loss_ratio":-0.04,"min_rate":905.04,"max_rate":914.0,"is_open":false,"enter_tag":"","leverage":1.0,"is_short":false,"open_timestamp":1763604900000,"close_timestamp":1763613000000,"orders":[{"amount":0.013,"safe_price":911.39,"ft_order_side":"buy","order_filled_timestamp":1763604900000,"ft_is_entry":true,"ft_order_tag":"","cost":11.859918069999999},{"amount":0.013,"safe_price":906.47,"ft_order_side":"sell","order_filled_timestamp":1763613000000,"ft_is_entry":false,"ft_order_tag":"exit_signal","cost":11.795894109999999}],"funding_fees":0.0,"weekday":3},{"pair":"BNB/USDT","stake_amount":11.8048,"max_stake_amount":11.8048,"amount":0.014,"open_date":"2025-11-23 02:15:00+00:00","close_date":"2025-11-23 04:15:00+00:00","open_rate":843.2,"close_rate":853.3285285285285,"fee_open":0.001,"fee_close":0.001,"trade_duration":120,"profit_ratio":0.00999000999000999,"profit_abs":0.118048,"exit_reason":"roi","initial_stop_loss_abs":809.472,"initial_stop_loss_ratio":-0.04,"stop_loss_abs":809.472,"stop_loss_ratio":-0.04,"min_rate":841.74,"max_rate":854.49,"is_open":false,"enter_tag":"","leverage":1.0,"is_short":false,"open_timestamp":1763864100000,"close_timestamp":1763871300000,"orders":[{"amount":0.014,"safe_price":843.2,"ft_order_side":"buy","order_filled_timestamp":1763864100000,"ft_is_entry":true,"ft_order_tag":"","cost":11.816604799999999},{"amount":0.014,"safe_price":853.3285285285285,"ft_order_side":"sell","order_filled_timestamp":1763871300000,"ft_is_entry":false,"ft_order_tag":"roi","cost":11.958545998798797}],"funding_fees":0.0,"weekday":6},{"pair":"BNB/USDT","stake_amount":11.50006,"max_stake_amount":11.50006,"amount":0.013,"open_date":"2025-11-30 13:15:00+00:00","close_date":"2025-11-30 13:30:00+00:00","open_rate":884.62,"close_rate":895.246066066066,"fee_open":0.001,"fee_close":0.001,"trade_duration":15,"profit_ratio":0.009990009990009988,"profit_abs":0.1150006,"exit_reason":"roi","initial_stop_loss_abs":849.2352,"initial_stop_loss_ratio":-0.04,"stop_loss_abs":849.2352,"stop_loss_ratio":-0.04,"min_rate":884.62,"max_rate":895.71,"is_open":false,"enter_tag":"","leverage":1.0,"is_short":false,"open_timestamp":1764508500000,"close_timestamp":1764509400000,"orders":[{"amount":0.013,"safe_price":884.62,"ft_order_side":"buy","order_filled_timestamp":1764508500000,"ft_is_entry":true,"ft_order_tag":"","cost":11.511560059999999},{"amount":0.013,"safe_price":895.246066066066,"ft_order_side":"sell","order_filled_timestamp":1764509400000,"ft_is_entry":false,"ft_order_tag":"roi","cost":11.649837057717715}],"funding_fees":0.0,"weekday":6},{"pair":"BNB/USDT","stake_amount":11.8937,"max_stake_amount":11.8937,"amount":0.014,"open_date":"2025-12-02 14:15:00+00:00","close_date":"2025-12-02 14:45:00+00:00","open_rate":849.55,"close_rate":859.7548048048046,"fee_open":0.001,"fee_close":0.001,"trade_duration":30,"profit_ratio":0.00999000999000999,"profit_abs":0.118937,"exit_reason":"roi","initial_stop_loss_abs":815.5679999999999,"initial_stop_loss_ratio":-0.04,"stop_loss_abs":815.5679999999999,"stop_loss_ratio":-0.04,"min_rate":849.3,"max_rate":860.22,"is_open":false,"enter_tag":"","leverage":1.0,"is_short":false,"open_timestamp":1764684900000,"close_timestamp":1764686700000,"orders":[{"amount":0.014,"safe_price":849.55,"ft_order_side":"buy","order_filled_timestamp":1764684900000,"ft_is_entry":true,"ft_order_tag":"","cost":11.905593699999997},{"amount":0.014,"safe_price":859.7548048048046,"ft_order_side":"sell","order_filled_timestamp":1764686700000,"ft_is_entry":false,"ft_order_tag":"roi","cost":12.04860383453453}],"funding_fees":0.0,"weekday":1},{"pair":"BNB/USDT","stake_amount":12.03426,"max_stake_amount":12.03426,"amount":0.014,"open_date":"2025-12-02 15:00:00+00:00","close_date":"2025-12-02 15:00:00+00:00","open_rate":859.59,"close_rate":874.2176576576577,"fee_open":0.001,"fee_close":0.001,"trade_duration":0,"profit_ratio":0.014985014985014986,"profit_abs":0.1805139,"exit_reason":"roi","initial_stop_loss_abs":825.2064,"initial_stop_loss_ratio":-0.04,"stop_loss_abs":865.7946,"stop_loss_ratio":-0.01,"min_rate":858.61,"max_rate":874.54,"is_open":false,"enter_tag":"","leverage":1.0,"is_short":false,"open_timestamp":1764687600000,"close_timestamp":1764687600000,"orders":[{"amount":0.014,"safe_price":859.59,"ft_order_side":"buy","order_filled_timestamp":1764687600000,"ft_is_entry":true,"ft_order_tag":"","cost":12.04629426},{"amount":0.014,"safe_price":874.2176576576577,"ft_order_side":"sell","order_filled_timestamp":1764687600000,"ft_is_entry":false,"ft_order_tag":"roi","cost":12.251286254414413}],"funding_fees":0.0,"weekday":1},{"pair":"BNB/USDT","stake_amount":12.20576,"max_stake_amount":12.20576,"amount":0.014,"open_date":"2025-12-02 15:15:00+00:00","close_date":"2025-12-02 18:15:00+00:00","open_rate":871.84,"close_rate":882.3125525525525,"fee_open":0.001,"fee_close":0.001,"trade_duration":180,"profit_ratio":0.00999000999000999,"profit_abs":0.1220576,"exit_reason":"roi","initial_stop_loss_abs":836.9664,"initial_stop_loss_ratio":-0.04,"stop_loss_abs":836.9664,"stop_loss_ratio":-0.04,"min_rate":864.31,"max_rate":882.9,"is_open":false,"enter_tag":"","leverage":1.0,"is_short":false,"open_timestamp":1764688500000,"close_timestamp":1764699300000,"orders":[{"amount":0.014,"safe_price":871.84,"ft_order_side":"buy","order_filled_timestamp":1764688500000,"ft_is_entry":true,"ft_order_tag":"","cost":12.21796576},{"amount":0.014,"safe_price":882.3125525525525,"ft_order_side":"sell","order_filled_timestamp":1764699300000,"ft_is_entry":false,"ft_order_tag":"roi","cost":12.364728111471468}],"funding_fees":0.0,"weekday":1},{"pair":"BNB/USDT","stake_amount":12.3522,"max_stake_amount":12.3522,"amount":0.014,"open_date":"2025-12-03 01:30:00+00:00","close_date":"2025-12-03 04:15:00+00:00","open_rate":882.3,"close_rate":892.898198198198,"fee_open":0.001,"fee_close":0.001,"trade_duration":165,"profit_ratio":0.00999000999000999,"profit_abs":0.123522,"exit_reason":"roi","initial_stop_loss_abs":847.0079999999999,"initial_stop_loss_ratio":-0.04,"stop_loss_abs":847.0079999999999,"stop_loss_ratio":-0.04,"min_rate":881.4,"max_rate":893.66,"is_open":false,"enter_tag":"","leverage":1.0,"is_short":false,"open_timestamp":1764725400000,"close_timestamp":1764735300000,"orders":[{"amount":0.014,"safe_price":882.3,"ft_order_side":"buy","order_filled_timestamp":1764725400000,"ft_is_entry":true,"ft_order_tag":"","cost":12.364552199999999},{"amount":0.014,"safe_price":892.898198198198,"ft_order_side":"sell","order_filled_timestamp":1764735300000,"ft_is_entry":false,"ft_order_tag":"roi","cost":12.513075349549545}],"funding_fees":0.0,"weekday":2},{"pair":"BNB/USDT","stake_amount":11.7234,"max_stake_amount":11.7234,"amount":0.013,"open_date":"2025-12-03 06:00:00+00:00","close_date":"2025-12-03 07:30:00+00:00","open_rate":901.8,"close_rate":895.36,"fee_open":0.001,"fee_close":0.001,"trade_duration":90,"profit_ratio":-0.009125006729797148,"profit_abs":-0.10708308,"exit_reason":"exit_signal","initial_stop_loss_abs":865.728,"initial_stop_loss_ratio":-0.04,"stop_loss_abs":865.728,"stop_loss_ratio":-0.04,"min_rate":894.17,"max_rate":910.57,"is_open":false,"enter_tag":"","leverage":1.0,"is_short":false,"open_timestamp":1764741600000,"close_timestamp":1764747000000,"orders":[{"amount":0.013,"safe_price":901.8,"ft_order_side":"buy","order_filled_timestamp":1764741600000,"ft_is_entry":true,"ft_order_tag":"","cost":11.735123399999997},{"amount":0.013,"safe_price":895.36,"ft_order_side":"sell","order_filled_timestamp":1764747000000,"ft_is_entry":false,"ft_order_tag":"exit_signal","cost":11.651319679999999}],"funding_fees":0.0,"weekday":2},{"pair":"BNB/USDT","stake_amount":11.79971,"max_stake_amount":11.79971,"amount":0.013,"open_date":"2025-12-09 16:00:00+00:00","close_date":"2025-12-09 16:15:00+00:00","open_rate":907.67,"close_rate":918.5729429429427,"fee_open":0.001,"fee_close":0.001,"trade_duration":15,"profit_ratio":0.00999000999000999,"profit_abs":0.1179971,"exit_reason":"roi","initial_stop_loss_abs":871.3631999999999,"initial_stop_loss_ratio":-0.04,"stop_loss_abs":871.3631999999999,"stop_loss_ratio":-0.04,"min_rate":907.67,"max_rate":919.31,"is_open":false,"enter_tag":"","leverage":1.0,"is_short":false,"open_timestamp":1765296000000,"close_timestamp":1765296900000,"orders":[{"amount":0.013,"safe_price":907.67,"ft_order_side":"buy","order_filled_timestamp":1765296000000,"ft_is_entry":true,"ft_order_tag":"","cost":11.811509709999997},{"amount":0.013,"safe_price":918.5729429429427,"ft_order_side":"sell","order_filled_timestamp":1765296900000,"ft_is_entry":false,"ft_order_tag":"roi","cost":11.953389706516512}],"funding_fees":0.0,"weekday":1},{"pair":"BNB/USDT","stake_amount":11.97287,"max_stake_amount":11.97287,"amount":0.013,"open_date":"2025-12-09 16:45:00+00:00","close_date":"2025-12-09 19:15:00+00:00","open_rate":920.99,"close_rate":915.0,"fee_open":0.001,"fee_close":0.001,"trade_duration":150,"profit_ratio":-0.008488878085724957,"profit_abs":-0.10173787,"exit_reason":"exit_signal","initial_stop_loss_abs":884.1504,"initial_stop_loss_ratio":-0.04,"stop_loss_abs":884.1504,"stop_loss_ratio":-0.04,"min_rate":913.56,"max_rate":928.0,"is_open":false,"enter_tag":"","leverage":1.0,"is_short":false,"open_timestamp":1765298700000,"close_timestamp":1765307700000,"orders":[{"amount":0.013,"safe_price":920.99,"ft_order_side":"buy","order_filled_timestamp":1765298700000,"ft_is_entry":true,"ft_order_tag":"","cost":11.98484287},{"amount":0.013,"safe_price":915.0,"ft_order_side":"sell","order_filled_timestamp":1765307700000,"ft_is_entry":false,"ft_order_tag":"exit_signal","cost":11.906894999999999}],"funding_fees":0.0,"weekday":1},{"pair":"BNB/USDT","stake_amount":11.73029,"max_stake_amount":11.73029,"amount":0.013,"open_date":"2025-12-10 19:15:00+00:00","close_date":"2025-12-10 20:15:00+00:00","open_rate":902.33,"close_rate":913.1687987987987,"fee_open":0.001,"fee_close":0.001,"trade_duration":60,"profit_ratio":0.00999000999000999,"profit_abs":0.1173029,"exit_reason":"roi","initial_stop_loss_abs":866.2368,"initial_stop_loss_ratio":-0.04,"stop_loss_abs":866.2368,"stop_loss_ratio":-0.04,"min_rate":897.54,"max_rate":915.0,"is_open":false,"enter_tag":"","leverage":1.0,"is_short":false,"open_timestamp":1765394100000,"close_timestamp":1765397700000,"orders":[{"amount":0.013,"safe_price":902.33,"ft_order_side":"buy","order_filled_timestamp":1765394100000,"ft_is_entry":true,"ft_order_tag":"","cost":11.74202029},{"amount":0.013,"safe_price":913.1687987987987,"ft_order_side":"sell","order_filled_timestamp":1765397700000,"ft_is_entry":false,"ft_order_tag":"roi","cost":11.883065578768765}],"funding_fees":0.0,"weekday":2},{"pair":"BNB/USDT","stake_amount":12.50998,"max_stake_amount":12.50998,"amount":0.014,"open_date":"2025-12-13 10:45:00+00:00","close_date":"2025-12-13 13:00:00+00:00","open_rate":893.57,"close_rate":891.49,"fee_open":0.001,"fee_close":0.001,"trade_duration":135,"profit_ratio":-0.004321092696933426,"profit_abs":-0.05411084,"exit_reason":"exit_signal","initial_stop_loss_abs":857.8272000000001,"initial_stop_loss_ratio":-0.04,"stop_loss_abs":857.8272000000001,"stop_loss_ratio":-0.04,"min_rate":891.04,"max_rate":894.11,"is_open":false,"enter_tag":"","leverage":1.0,"is_short":false,"open_timestamp":1765622700000,"close_timestamp":1765630800000,"orders":[{"amount":0.014,"safe_price":893.57,"ft_order_side":"buy","order_filled_timestamp":1765622700000,"ft_is_entry":true,"ft_order_tag":"","cost":12.52248998},{"amount":0.014,"safe_price":891.49,"ft_order_side":"sell","order_filled_timestamp":1765630800000,"ft_is_entry":false,"ft_order_tag":"exit_signal","cost":12.493340859999998}],"funding_fees":0.0,"weekday":5},{"pair":"BNB/USDT","stake_amount":11.68024,"max_stake_amount":11.68024,"amount":0.013,"open_date":"2025-12-13 15:15:00+00:00","close_date":"2025-12-13 17:15:00+00:00","open_rate":898.48,"close_rate":896.64,"fee_open":0.001,"fee_close":0.001,"trade_duration":120,"profit_ratio":-0.004041813408744225,"profit_abs":-0.04725656,"exit_reason":"exit_signal","initial_stop_loss_abs":862.5408,"initial_stop_loss_ratio":-0.04,"stop_loss_abs":862.5408,"stop_loss_ratio":-0.04,"min_rate":894.86,"max_rate":904.22,"is_open":false,"enter_tag":"","leverage":1.0,"is_short":false,"open_timestamp":1765638900000,"close_timestamp":1765646100000,"orders":[{"amount":0.013,"safe_price":898.48,"ft_order_side":"buy","order_filled_timestamp":1765638900000,"ft_is_entry":true,"ft_order_tag":"","cost":11.691920239999998},{"amount":0.013,"safe_price":896.64,"ft_order_side":"sell","order_filled_timestamp":1765646100000,"ft_is_entry":false,"ft_order_tag":"exit_signal","cost":11.667976319999998}],"funding_fees":0.0,"weekday":5},{"pair":"BNB/USDT","stake_amount":11.9,"max_stake_amount":11.9,"amount":0.014,"open_date":"2025-12-19 14:45:00+00:00","close_date":"2025-12-19 15:30:00+00:00","open_rate":850.0,"close_rate":846.61,"fee_open":0.001,"fee_close":0.001,"trade_duration":45,"profit_ratio":-0.005978268790033497,"profit_abs":-0.07121254,"exit_reason":"exit_signal","initial_stop_loss_abs":816.0,"initial_stop_loss_ratio":-0.04,"stop_loss_abs":816.0,"stop_loss_ratio":-0.04,"min_rate":844.75,"max_rate":855.0,"is_open":false,"enter_tag":"","leverage":1.0,"is_short":false,"open_timestamp":1766155500000,"close_timestamp":1766158200000,"orders":[{"amount":0.014,"safe_price":850.0,"ft_order_side":"buy","order_filled_timestamp":1766155500000,"ft_is_entry":true,"ft_order_tag":"","cost":11.9119},{"amount":0.014,"safe_price":846.61,"ft_order_side":"sell","order_filled_timestamp":1766158200000,"ft_is_entry":false,"ft_order_tag":"exit_signal","cost":11.86439254}],"funding_fees":0.0,"weekday":4}],"locks":[],"best_pair":{"key":"BNB/USDT","trades":14,"profit_mean":0.0032553186811518273,"profit_mean_pct":0.33,"profit_total_abs":0.54438603,"profit_total":0.0108877206,"profit_total_pct":1.09,"duration_avg":"1:30:00","wins":8,"draws":0,"losses":6,"winrate":0.5714285714285714,"cagr":0.07742746432943814,"expectancy":0.03888471642857143,"expectancy_ratio":0.49746640941075837,"sortino":8.685085815733006,"sharpe":1.8940186676356505,"calmar":115.33748613470291,"sqn":1.3532,"profit_factor":2.1607549552917704,"max_drawdown_account":0.0034028048937722872,"max_drawdown_abs":0.17257994},"worst_pair":{"key":"BNB/USDT","trades":14,"profit_mean":0.0032553186811518273,"profit_mean_pct":0.33,"profit_total_abs":0.54438603,"profit_total":0.0108877206,"profit_total_pct":1.09,"duration_avg":"1:30:00","wins":8,"draws":0,"losses":6,"winrate":0.5714285714285714,"cagr":0.07742746432943814,"expectancy":0.03888471642857143,"expectancy_ratio":0.49746640941075837,"sortino":8.685085815733006,"sharpe":1.8940186676356505,"calmar":115.33748613470291,"sqn":1.3532,"profit_factor":2.1607549552917704,"max_drawdown_account":0.0034028048937722872,"max_drawdown_abs":0.17257994},"results_per_pair":[{"key":"BNB/USDT","trades":14,"profit_mean":0.0032553186811518273,"profit_mean_pct":0.33,"profit_total_abs":0.54438603,"profit_total":0.0108877206,"profit_total_pct":1.09,"duration_avg":"1:30:00","wins":8,"draws":0,"losses":6,"winrate":0.5714285714285714,"cagr":0.07742746432943814,"expectancy":0.03888471642857143,"expectancy_ratio":0.49746640941075837,"sortino":8.685085815733006,"sharpe":1.8940186676356505,"calmar":115.33748613470291,"sqn":1.3532,"profit_factor":2.1607549552917704,"max_drawdown_account":0.0034028048937722872,"max_drawdown_abs":0.17257994},{"key":"TOTAL","trades":14,"profit_mean":0.0032553186811518273,"profit_mean_pct":0.33,"profit_total_abs":0.54438603,"profit_total":0.0108877206,"profit_total_pct":1.09,"duration_avg":"1:30:00","wins":8,"draws":0,"losses":6,"winrate":0.5714285714285714,"cagr":0.07742746432943814,"expectancy":0.03888471642857143,"expectancy_ratio":0.49746640941075837,"sortino":8.685085815733006,"sharpe":1.8940186676356505,"calmar":115.33748613470291,"sqn":1.3532,"profit_factor":2.1607549552917704,"max_drawdown_account":0.0034028048937722872,"max_drawdown_abs":0.17257994}],"results_per_enter_tag":[{"key":"","trades":14,"profit_mean":0.0032553186811518273,"profit_mean_pct":0.33,"profit_total_abs":0.54438603,"profit_total":0.0108877206,"profit_total_pct":1.09,"duration_avg":"1:30:00","wins":8,"draws":0,"losses":6,"winrate":0.5714285714285714,"cagr":0.07742746432943814,"expectancy":0.03888471642857143,"expectancy_ratio":0.49746640941075837,"sortino":8.685085815733006,"sharpe":1.8940186676356505,"calmar":115.33748613470291,"sqn":1.3532,"profit_factor":2.1607549552917704,"max_drawdown_account":0.0034028048937722872,"max_drawdown_abs":0.17257994},{"key":"TOTAL","trades":14,"profit_mean":0.0032553186811518273,"profit_mean_pct":0.33,"profit_total_abs":0.54438603,"profit_total":0.0108877206,"profit_total_pct":1.09,"duration_avg":"1:30:00","wins":8,"draws":0,"losses":6,"winrate":0.5714285714285714,"cagr":0.07742746432943814,"expectancy":0.03888471642857143,"expectancy_ratio":0.49746640941075837,"sortino":8.685085815733006,"sharpe":1.8940186676356505,"calmar":115.33748613470291,"sqn":1.3532,"profit_factor":2.1607549552917704,"max_drawdown_account":0.0034028048937722872,"max_drawdown_abs":0.17257994}],"exit_reason_summary":[{"key":"roi","trades":8,"profit_mean":0.010614385614385614,"profit_mean_pct":1.06,"profit_total_abs":1.0133791,"profit_total":0.020267582000000003,"profit_total_pct":2.03,"duration_avg":"1:13:00","wins":8,"draws":0,"losses":0,"winrate":1.0,"cagr":0.14818564443145132,"expectancy":0.1266723875,"expectancy_ratio":100.0,"sortino":-100,"sharpe":17.814914674513503,"calmar":-100,"sqn":16.3445,"profit_factor":0.0,"max_drawdown_account":0.0,"max_drawdown_abs":0.0},{"key":"exit_signal","trades":6,"profit_mean":-0.006556770563159889,"profit_mean_pct":-0.66,"profit_total_abs":-0.46899307,"profit_total":-0.0093798614,"profit_total_pct":-0.94,"duration_avg":"1:52:00","wins":0,"draws":0,"losses":6,"winrate":0.0,"cagr":-0.06284072086163306,"expectancy":-0.07816551166666667,"expectancy_ratio":-1.0,"sortino":-7.482273305092119,"sharpe":-7.482273305092119,"calmar":-36.047119197250304,"sqn":-7.7356,"profit_factor":0.0,"max_drawdown_account":0.009379861400000068,"max_drawdown_abs":0.46899307},{"key":"TOTAL","trades":14,"profit_mean":0.0032553186811518273,"profit_mean_pct":0.33,"profit_total_abs":0.54438603,"profit_total":0.0108877206,"profit_total_pct":1.09,"duration_avg":"1:30:00","wins":8,"draws":0,"losses":6,"winrate":0.5714285714285714,"cagr":0.07742746432943814,"expectancy":0.03888471642857143,"expectancy_ratio":0.49746640941075837,"sortino":8.685085815733006,"sharpe":1.8940186676356505,"calmar":115.33748613470291,"sqn":1.3532,"profit_factor":2.1607549552917704,"max_drawdown_account":0.0034028048937722872,"max_drawdown_abs":0.17257994}],"mix_tag_stats":[{"key":["","roi"],"trades":8,"profit_mean":0.010614385614385614,"profit_mean_pct":1.06,"profit_total_abs":1.0133791,"profit_total":0.020267582000000003,"profit_total_pct":2.03,"duration_avg":"1:13:00","wins":8,"draws":0,"losses":0,"winrate":1.0,"cagr":0.14818564443145132,"expectancy":0.1266723875,"expectancy_ratio":100.0,"sortino":-100,"sharpe":17.814914674513503,"calmar":-100,"sqn":16.3445,"profit_factor":0.0,"max_drawdown_account":0.0,"max_drawdown_abs":0.0},{"key":["","exit_signal"],"trades":6,"profit_mean":-0.006556770563159889,"profit_mean_pct":-0.66,"profit_total_abs":-0.46899307,"profit_total":-0.0093798614,"profit_total_pct":-0.94,"duration_avg":"1:52:00","wins":0,"draws":0,"losses":6,"winrate":0.0,"cagr":-0.06284072086163306,"expectancy":-0.07816551166666667,"expectancy_ratio":-1.0,"sortino":-7.482273305092119,"sharpe":-7.482273305092119,"calmar":-36.047119197250304,"sqn":-7.7356,"profit_factor":0.0,"max_drawdown_account":0.009379861400000068,"max_drawdown_abs":0.46899307},{"key":"TOTAL","trades":14,"profit_mean":0.0032553186811518273,"profit_mean_pct":0.33,"profit_total_abs":0.54438603,"profit_total":0.0108877206,"profit_total_pct":1.09,"duration_avg":"1:30:00","wins":8,"draws":0,"losses":6,"winrate":0.5714285714285714,"cagr":0.07742746432943814,"expectancy":0.03888471642857143,"expectancy_ratio":0.49746640941075837,"sortino":8.685085815733006,"sharpe":1.8940186676356505,"calmar":115.33748613470291,"sqn":1.3532,"profit_factor":2.1607549552917704,"max_drawdown_account":0.0034028048937722872,"max_drawdown_abs":0.17257994}],"left_open_trades":[{"key":"TOTAL","trades":0,"profit_mean":0.0,"profit_mean_pct":0.0,"profit_total_abs":0.0,"profit_total":0.0,"profit_total_pct":0.0,"duration_avg":"0:00","wins":0,"draws":0,"losses":0,"winrate":0.0,"cagr":0.0,"expectancy":0.0,"expectancy_ratio":100.0,"sortino":0,"sharpe":0,"calmar":0,"sqn":0.0,"profit_factor":0.0,"max_drawdown_account":0.0,"max_drawdown_abs":0.0}],"total_trades":14,"trade_count_long":14,"trade_count_short":0,"total_volume":335.1246457417717,"avg_stake_amount":11.92538142857143,"profit_mean":0.0032553186811518273,"profit_median":0.009990009990009988,"profit_total":0.0108877206,"profit_total_long":0.0108877206,"profit_total_short":0.0,"profit_total_abs":0.54438603,"profit_total_long_abs":0.54438603,"profit_total_short_abs":0.0,"cagr":0.07742746432943814,"expectancy":0.03888471642857143,"expectancy_ratio":0.49746640941075837,"sortino":8.685085815733006,"sharpe":1.8940186676356505,"calmar":115.33748613470291,"sqn":1.3532,"profit_factor":2.1607549552917704,"backtest_start":"2025-11-01 07:30:00","backtest_start_ts":1761982200000,"backtest_end":"2025-12-25 00:00:00","backtest_end_ts":1766620800000,"backtest_days":53,"backtest_run_start_ts":1766826364,"backtest_run_end_ts":1766826364,"trades_per_day":0.26,"market_change":-0.2195330925707548,"pairlist":["BNB/USDT"],"stake_amount":"unlimited","stake_currency":"USDT","stake_currency_decimals":3,"starting_balance":50,"dry_run_wallet":50,"final_balance":50.54438603,"rejected_signals":0,"timedout_entry_orders":0,"timedout_exit_orders":0,"canceled_trade_entries":0,"canceled_entry_orders":0,"replaced_entry_orders":0,"max_open_trades":1,"max_open_trades_setting":4,"timeframe":"15m","timeframe_detail":"","timerange":"20250901-20251225","enable_protections":false,"strategy_name":"scal","freqaimodel":"XGBoostRegressor","freqai_identifier":"qs_v9_scalp_5m1h_l2","stoploss":-0.04,"trailing_stop":true,"trailing_stop_positive":0.01,"trailing_stop_positive_offset":0.015,"trailing_only_offset_is_reached":true,"use_custom_stoploss":false,"minimal_roi":{"1":0.01,"0":0.015},"use_exit_signal":true,"exit_profit_only":false,"exit_profit_offset":0.0,"ignore_roi_if_entry_signal":false,"trading_mode":"spot","margin_mode":"","periodic_breakdown":{"day":[{"date":"20/11/2025","date_ts":1763596800000,"profit_abs":-0.08759218,"wins":0,"draws":0,"losses":1,"trades":1,"profit_factor":0.0},{"date":"21/11/2025","date_ts":1763683200000,"profit_abs":0.0,"wins":0,"draws":0,"losses":0,"trades":0,"profit_factor":0.0},{"date":"22/11/2025","date_ts":1763769600000,"profit_abs":0.0,"wins":0,"draws":0,"losses":0,"trades":0,"profit_factor":0.0},{"date":"23/11/2025","date_ts":1763856000000,"profit_abs":0.118048,"wins":1,"draws":0,"losses":0,"trades":1,"profit_factor":0.0},{"date":"24/11/2025","date_ts":1763942400000,"profit_abs":0.0,"wins":0,"draws":0,"losses":0,"trades":0,"profit_factor":0.0},{"date":"25/11/2025","date_ts":1764028800000,"profit_abs":0.0,"wins":0,"draws":0,"losses":0,"trades":0,"profit_factor":0.0},{"date":"26/11/2025","date_ts":1764115200000,"profit_abs":0.0,"wins":0,"draws":0,"losses":0,"trades":0,"profit_factor":0.0},{"date":"27/11/2025","date_ts":1764201600000,"profit_abs":0.0,"wins":0,"draws":0,"losses":0,"trades":0,"profit_factor":0.0},{"date":"28/11/2025","date_ts":1764288000000,"profit_abs":0.0,"wins":0,"draws":0,"losses":0,"trades":0,"profit_factor":0.0},{"date":"29/11/2025","date_ts":1764374400000,"profit_abs":0.0,"wins":0,"draws":0,"losses":0,"trades":0,"profit_factor":0.0},{"date":"30/11/2025","date_ts":1764460800000,"profit_abs":0.1150006,"wins":1,"draws":0,"losses":0,"trades":1,"profit_factor":0.0},{"date":"01/12/2025","date_ts":1764547200000,"profit_abs":0.0,"wins":0,"draws":0,"losses":0,"trades":0,"profit_factor":0.0},{"date":"02/12/2025","date_ts":1764633600000,"profit_abs":0.4215085,"wins":3,"draws":0,"losses":0,"trades":3,"profit_factor":0.0},{"date":"03/12/2025","date_ts":1764720000000,"profit_abs":0.01643892,"wins":1,"draws":0,"losses":1,"trades":2,"profit_factor":1.15351557},{"date":"04/12/2025","date_ts":1764806400000,"profit_abs":0.0,"wins":0,"draws":0,"losses":0,"trades":0,"profit_factor":0.0},{"date":"05/12/2025","date_ts":1764892800000,"profit_abs":0.0,"wins":0,"draws":0,"losses":0,"trades":0,"profit_factor":0.0},{"date":"06/12/2025","date_ts":1764979200000,"profit_abs":0.0,"wins":0,"draws":0,"losses":0,"trades":0,"profit_factor":0.0},{"date":"07/12/2025","date_ts":1765065600000,"profit_abs":0.0,"wins":0,"draws":0,"losses":0,"trades":0,"profit_factor":0.0},{"date":"08/12/2025","date_ts":1765152000000,"profit_abs":0.0,"wins":0,"draws":0,"losses":0,"trades":0,"profit_factor":0.0},{"date":"09/12/2025","date_ts":1765238400000,"profit_abs":0.01625923,"wins":1,"draws":0,"losses":1,"trades":2,"profit_factor":1.15981492},{"date":"10/12/2025","date_ts":1765324800000,"profit_abs":0.1173029,"wins":1,"draws":0,"losses":0,"trades":1,"profit_factor":0.0},{"date":"11/12/2025","date_ts":1765411200000,"profit_abs":0.0,"wins":0,"draws":0,"losses":0,"trades":0,"profit_factor":0.0},{"date":"12/12/2025","date_ts":1765497600000,"profit_abs":0.0,"wins":0,"draws":0,"losses":0,"trades":0,"profit_factor":0.0},{"date":"13/12/2025","date_ts":1765584000000,"profit_abs":-0.1013674,"wins":0,"draws":0,"losses":2,"trades":2,"profit_factor":0.0},{"date":"14/12/2025","date_ts":1765670400000,"profit_abs":0.0,"wins":0,"draws":0,"losses":0,"trades":0,"profit_factor":0.0},{"date":"15/12/2025","date_ts":1765756800000,"profit_abs":0.0,"wins":0,"draws":0,"losses":0,"trades":0,"profit_factor":0.0},{"date":"16/12/2025","date_ts":1765843200000,"profit_abs":0.0,"wins":0,"draws":0,"losses":0,"trades":0,"profit_factor":0.0},{"date":"17/12/2025","date_ts":1765929600000,"profit_abs":0.0,"wins":0,"draws":0,"losses":0,"trades":0,"profit_factor":0.0},{"date":"18/12/2025","date_ts":1766016000000,"profit_abs":0.0,"wins":0,"draws":0,"losses":0,"trades":0,"profit_factor":0.0},{"date":"19/12/2025","date_ts":1766102400000,"profit_abs":-0.07121254,"wins":0,"draws":0,"losses":1,"trades":1,"profit_factor":0.0}],"week":[{"date":"24/11/2025","date_ts":1763942400000,"profit_abs":0.03045582,"wins":1,"draws":0,"losses":1,"trades":2,"profit_factor":1.34770022},{"date":"01/12/2025","date_ts":1764547200000,"profit_abs":0.1150006,"wins":1,"draws":0,"losses":0,"trades":1,"profit_factor":0.0},{"date":"08/12/2025","date_ts":1765152000000,"profit_abs":0.43794742,"wins":4,"draws":0,"losses":1,"trades":5,"profit_factor":5.08979103},{"date":"15/12/2025","date_ts":1765756800000,"profit_abs":0.03219473,"wins":2,"draws":0,"losses":3,"trades":5,"profit_factor":1.15851253},{"date":"22/12/2025","date_ts":1766361600000,"profit_abs":-0.07121254,"wins":0,"draws":0,"losses":1,"trades":1,"profit_factor":0.0}],"month":[{"date":"30/11/2025","date_ts":1764460800000,"profit_abs":0.14545642,"wins":2,"draws":0,"losses":1,"trades":3,"profit_factor":2.66060966},{"date":"31/12/2025","date_ts":1767139200000,"profit_abs":0.39892961,"wins":6,"draws":0,"losses":5,"trades":11,"profit_factor":2.04595878}],"year":[{"date":"31/12/2025","date_ts":1767139200000,"profit_abs":0.54438603,"wins":8,"draws":0,"losses":6,"trades":14,"profit_factor":2.16075496}],"weekday":[{"date":"Tuesday","date_ts":1,"profit_abs":0.43776773,"wins":4,"draws":0,"losses":1,"trades":5,"profit_factor":5.30289852},{"date":"Wednesday","date_ts":2,"profit_abs":0.13374182,"wins":2,"draws":0,"losses":1,"trades":3,"profit_factor":2.2489538},{"date":"Thursday","date_ts":3,"profit_abs":-0.08759218,"wins":0,"draws":0,"losses":1,"trades":1,"profit_factor":0.0},{"date":"Friday","date_ts":4,"profit_abs":-0.07121254,"wins":0,"draws":0,"losses":1,"trades":1,"profit_factor":0.0},{"date":"Saturday","date_ts":5,"profit_abs":-0.1013674,"wins":0,"draws":0,"losses":2,"trades":2,"profit_factor":0.0},{"date":"Sunday","date_ts":6,"profit_abs":0.2330486,"wins":2,"draws":0,"losses":0,"trades":2,"profit_factor":0.0}]},"backtest_best_day":0.03496503496503497,"backtest_worst_day":-0.00836290610567765,"backtest_best_day_abs":0.4215085,"backtest_worst_day_abs":-0.1013674,"winning_days":6,"draw_days":21,"losing_days":3,"daily_profit":[["2025-11-20",-0.08759218],["2025-11-21",0.0],["2025-11-22",0.0],["2025-11-23",0.118048],["2025-11-24",0.0],["2025-11-25",0.0],["2025-11-26",0.0],["2025-11-27",0.0],["2025-11-28",0.0],["2025-11-29",0.0],["2025-11-30",0.1150006],["2025-12-01",0.0],["2025-12-02",0.4215085],["2025-12-03",0.01643892],["2025-12-04",0.0],["2025-12-05",0.0],["2025-12-06",0.0],["2025-12-07",0.0],["2025-12-08",0.0],["2025-12-09",0.01625923],["2025-12-10",0.1173029],["2025-12-11",0.0],["2025-12-12",0.0],["2025-12-13",-0.1013674],["2025-12-14",0.0],["2025-12-15",0.0],["2025-12-16",0.0],["2025-12-17",0.0],["2025-12-18",0.0],["2025-12-19",-0.07121254]],"wins":8,"losses":6,"draws":0,"winrate":0.5714285714285714,"holding_avg":"1:30:00","holding_avg_s":5400.0,"winner_holding_min":"0d 00:00","winner_holding_min_s":0.0,"winner_holding_max":"0d 03:00","winner_holding_max_s":10800.0,"winner_holding_avg":"0d 01:13","winner_holding_avg_s":4380.0,"loser_holding_min":"0d 00:45","loser_holding_min_s":2700.0,"loser_holding_max":"0d 02:30","loser_holding_max_s":9000.0,"loser_holding_avg":"0d 01:52","loser_holding_avg_s":6720.0,"max_consecutive_wins":6,"max_consecutive_losses":3,"max_drawdown_account":0.0034028048937722872,"max_relative_drawdown":0.0034028048937722872,"max_drawdown_abs":0.17257994,"drawdown_start":"2025-12-10 20:15:00","drawdown_start_ts":1765397700000.0,"drawdown_end":"2025-12-19 15:30:00","drawdown_end_ts":1766158200000.0,"drawdown_duration":"8 days 19:15:00","drawdown_duration_s":760500.0,"max_drawdown_low":0.54438603,"max_drawdown_high":0.71696597,"csum_min":49.91240782,"csum_max":50.71696597}},"strategy_comparison":[{"key":"scal","trades":14,"profit_mean":0.0032553186811518273,"profit_mean_pct":0.33,"profit_total_abs":0.54438603,"profit_total":0.0108877206,"profit_total_pct":1.09,"duration_avg":"1:30:00","wins":8,"draws":0,"losses":6,"winrate":0.5714285714285714,"cagr":0.07742746432943814,"expectancy":0.03888471642857143,"expectancy_ratio":0.49746640941075837,"sortino":8.685085815733006,"sharpe":1.8940186676356505,"calmar":115.33748613470291,"sqn":1.3532,"profit_factor":2.1607549552917704,"max_drawdown_account":0.0034028048937722872,"max_drawdown_abs":"0.173"}]}