{"strategy":{"scal":{"trades":[{"pair":"SOL/USDT","stake_amount":12.2018,"max_stake_amount":12.2018,"amount":0.065,"open_date":"2025-11-02 08:00:00+00:00","close_date":"2025-11-02 09:00:00+00:00","open_rate":187.72,"close_rate":187.14,"fee_open":0.001,"fee_close":0.001,"trade_duration":60,"profit_ratio":-0.005081536830950852,"profit_abs":-0.0620659,"exit_reason":"exit_signal","initial_stop_loss_abs":180.2112,"initial_stop_loss_ratio":-0.04,"stop_loss_abs":180.2112,"stop_loss_ratio":-0.04,"min_rate":186.96,"max_rate":187.95,"is_open":false,"enter_tag":"","leverage":1.0,"is_short":false,"open_timestamp":1762070400000,"close_timestamp":1762074000000,"orders":[{"amount":0.065,"safe_price":187.72,"ft_order_side":"buy","order_filled_timestamp":1762070400000,"ft_is_entry":true,"ft_order_tag":"","cost":12.214001799999998},{"amount":0.065,"safe_price":187.14,"ft_order_side":"sell","order_filled_timestamp":1762074000000,"ft_is_entry":false,"ft_order_tag":"exit_signal","cost":12.176264099999997}],"funding_fees":0.0,"weekday":6},{"pair":"SOL/USDT","stake_amount":12.27005,"max_stake_amount":12.27005,"amount":0.065,"open_date":"2025-11-03 00:15:00+00:00","close_date":"2025-11-03 01:00:00+00:00","open_rate":188.77,"close_rate":186.58,"fee_open":0.001,"fee_close":0.001,"trade_duration":45,"profit_ratio":-0.013576242055343609,"profit_abs":-0.16674775,"exit_reason":"exit_signal","initial_stop_loss_abs":181.2192,"initial_stop_loss_ratio":-0.04,"stop_loss_abs":181.2192,"stop_loss_ratio":-0.04,"min_rate":186.23,"max_rate":188.86,"is_open":false,"enter_tag":"","leverage":1.0,"is_short":false,"open_timestamp":1762128900000,"close_timestamp":1762131600000,"orders":[{"amount":0.065,"safe_price":188.77,"ft_order_side":"buy","order_filled_timestamp":1762128900000,"ft_is_entry":true,"ft_order_tag":"","cost":12.28232005},{"amount":0.065,"safe_price":186.58,"ft_order_side":"sell","order_filled_timestamp":1762131600000,"ft_is_entry":false,"ft_order_tag":"exit_signal","cost":12.1398277}],"funding_fees":0.0,"weekday":0},{"pair":"SOL/USDT","stake_amount":12.18,"max_stake_amount":12.18,"amount":0.075,"open_date":"2025-11-09 14:30:00+00:00","close_date":"2025-11-09 15:00:00+00:00","open_rate":162.4,"close_rate":160.15,"fee_open":0.001,"fee_close":0.001,"trade_duration":30,"profit_ratio":-0.01582500012302968,"profit_abs":-0.19294125,"exit_reason":"exit_signal","initial_stop_loss_abs":155.904,"initial_stop_loss_ratio":-0.04,"stop_loss_abs":155.904,"stop_loss_ratio":-0.04,"min_rate":159.72,"max_rate":163.12,"is_open":false,"enter_tag":"","leverage":1.0,"is_short":false,"open_timestamp":1762698600000,"close_timestamp":1762700400000,"orders":[{"amount":0.075,"safe_price":162.4,"ft_order_side":"buy","order_filled_timestamp":1762698600000,"ft_is_entry":true,"ft_order_tag":"","cost":12.192179999999999},{"amount":0.075,"safe_price":160.15,"ft_order_side":"sell","order_filled_timestamp":1762700400000,"ft_is_entry":false,"ft_order_tag":"exit_signal","cost":12.02326125}],"funding_fees":0.0,"weekday":6},{"pair":"SOL/USDT","stake_amount":12.13526,"max_stake_amount":12.13526,"amount":0.074,"open_date":"2025-11-09 19:00:00+00:00","close_date":"2025-11-09 19:30:00+00:00","open_rate":163.99,"close_rate":165.95984984984986,"fee_open":0.001,"fee_close":0.001,"trade_duration":30,"profit_ratio":0.00999000999000999,"profit_abs":0.1213526,"exit_reason":"roi","initial_stop_loss_abs":157.4304,"initial_stop_loss_ratio":-0.04,"stop_loss_abs":157.4304,"stop_loss_ratio":-0.04,"min_rate":163.36,"max_rate":166.06,"is_open":false,"enter_tag":"","leverage":1.0,"is_short":false,"open_timestamp":1762714800000,"close_timestamp":1762716600000,"orders":[{"amount":0.074,"safe_price":163.99,"ft_order_side":"buy","order_filled_timestamp":1762714800000,"ft_is_entry":true,"ft_order_tag":"","cost":12.14739526},{"amount":0.074,"safe_price":165.95984984984986,"ft_order_side":"sell","order_filled_timestamp":1762716600000,"ft_is_entry":false,"ft_order_tag":"roi","cost":12.293309917777776}],"funding_fees":0.0,"weekday":6},{"pair":"BNB/USDT","stake_amount":11.84807,"max_stake_amount":11.84807,"amount":0.013,"open_date":"2025-11-20 02:15:00+00:00","close_date":"2025-11-20 04:30:00+00:00","open_rate":911.39,"close_rate":906.47,"fee_open":0.001,"fee_close":0.001,"trade_duration":135,"profit_ratio":-0.007385563667726079,"profit_abs":-0.08759218,"exit_reason":"exit_signal","initial_stop_loss_abs":874.9344,"initial_stop_loss_ratio":-0.04,"stop_loss_abs":874.9344,"stop_loss_ratio":-0.04,"min_rate":905.04,"max_rate":914.0,"is_open":false,"enter_tag":"","leverage":1.0,"is_short":false,"open_timestamp":1763604900000,"close_timestamp":1763613000000,"orders":[{"amount":0.013,"safe_price":911.39,"ft_order_side":"buy","order_filled_timestamp":1763604900000,"ft_is_entry":true,"ft_order_tag":"","cost":11.859918069999999},{"amount":0.013,"safe_price":906.47,"ft_order_side":"sell","order_filled_timestamp":1763613000000,"ft_is_entry":false,"ft_order_tag":"exit_signal","cost":11.795894109999999}],"funding_fees":0.0,"weekday":3},{"pair":"SOL/USDT","stake_amount":12.21025,"max_stake_amount":12.21025,"amount":0.085,"open_date":"2025-11-20 02:15:00+00:00","close_date":"2025-11-20 06:45:00+00:00","open_rate":143.65,"close_rate":142.97,"fee_open":0.001,"fee_close":0.001,"trade_duration":270,"profit_ratio":-0.006722271811029208,"profit_abs":-0.0821627,"exit_reason":"exit_signal","initial_stop_loss_abs":137.904,"initial_stop_loss_ratio":-0.04,"stop_loss_abs":137.904,"stop_loss_ratio":-0.04,"min_rate":142.19,"max_rate":144.8,"is_open":false,"enter_tag":"","leverage":1.0,"is_short":false,"open_timestamp":1763604900000,"close_timestamp":1763621100000,"orders":[{"amount":0.085,"safe_price":143.65,"ft_order_side":"buy","order_filled_timestamp":1763604900000,"ft_is_entry":true,"ft_order_tag":"","cost":12.222460250000001},{"amount":0.085,"safe_price":142.97,"ft_order_side":"sell","order_filled_timestamp":1763621100000,"ft_is_entry":false,"ft_order_tag":"exit_signal","cost":12.164602449999999}],"funding_fees":0.0,"weekday":3},{"pair":"SOL/USDT","stake_amount":12.17112,"max_stake_amount":12.17112,"amount":0.094,"open_date":"2025-11-23 01:45:00+00:00","close_date":"2025-11-23 04:15:00+00:00","open_rate":129.48,"close_rate":131.03531531531527,"fee_open":0.001,"fee_close":0.001,"trade_duration":150,"profit_ratio":0.00999000999000999,"profit_abs":0.1217112,"exit_reason":"roi","initial_stop_loss_abs":124.30079999999998,"initial_stop_loss_ratio":-0.04,"stop_loss_abs":130.58100000000002,"stop_loss_ratio":-0.01,"min_rate":129.11,"max_rate":131.9,"is_open":false,"enter_tag":"","leverage":1.0,"is_short":false,"open_timestamp":1763862300000,"close_timestamp":1763871300000,"orders":[{"amount":0.094,"safe_price":129.48,"ft_order_side":"buy","order_filled_timestamp":1763862300000,"ft_is_entry":true,"ft_order_tag":"","cost":12.183291119999996},{"amount":0.094,"safe_price":131.03531531531527,"ft_order_side":"sell","order_filled_timestamp":1763871300000,"ft_is_entry":false,"ft_order_tag":"roi","cost":12.329636959279274}],"funding_fees":0.0,"weekday":6},{"pair":"BNB/USDT","stake_amount":11.8048,"max_stake_amount":11.8048,"amount":0.014,"open_date":"2025-11-23 02:15:00+00:00","close_date":"2025-11-23 04:15:00+00:00","open_rate":843.2,"close_rate":853.3285285285285,"fee_open":0.001,"fee_close":0.001,"trade_duration":120,"profit_ratio":0.00999000999000999,"profit_abs":0.118048,"exit_reason":"roi","initial_stop_loss_abs":809.472,"initial_stop_loss_ratio":-0.04,"stop_loss_abs":809.472,"stop_loss_ratio":-0.04,"min_rate":841.74,"max_rate":854.49,"is_open":false,"enter_tag":"","leverage":1.0,"is_short":false,"open_timestamp":1763864100000,"close_timestamp":1763871300000,"orders":[{"amount":0.014,"safe_price":843.2,"ft_order_side":"buy","order_filled_timestamp":1763864100000,"ft_is_entry":true,"ft_order_tag":"","cost":11.816604799999999},{"amount":0.014,"safe_price":853.3285285285285,"ft_order_side":"sell","order_filled_timestamp":1763871300000,"ft_is_entry":false,"ft_order_tag":"roi","cost":11.958545998798797}],"funding_fees":0.0,"weekday":6},{"pair":"SOL/USDT","stake_amount":12.257,"max_stake_amount":12.257,"amount":0.085,"open_date":"2025-11-26 18:30:00+00:00","close_date":"2025-11-26 22:45:00+00:00","open_rate":144.2,"close_rate":143.04,"fee_open":0.001,"fee_close":0.001,"trade_duration":255,"profit_ratio":-0.010026312106755935,"profit_abs":-0.1230154,"exit_reason":"exit_signal","initial_stop_loss_abs":138.432,"initial_stop_loss_ratio":-0.04,"stop_loss_abs":138.432,"stop_loss_ratio":-0.04,"min_rate":142.53,"max_rate":144.75,"is_open":false,"enter_tag":"","leverage":1.0,"is_short":false,"open_timestamp":1764181800000,"close_timestamp":1764197100000,"orders":[{"amount":0.085,"safe_price":144.2,"ft_order_side":"buy","order_filled_timestamp":1764181800000,"ft_is_entry":true,"ft_order_tag":"","cost":12.269256999999998},{"amount":0.085,"safe_price":143.04,"ft_order_side":"sell","order_filled_timestamp":1764197100000,"ft_is_entry":false,"ft_order_tag":"exit_signal","cost":12.170558399999999}],"funding_fees":0.0,"weekday":2},{"pair":"BNB/USDT","stake_amount":11.50006,"max_stake_amount":11.50006,"amount":0.013,"open_date":"2025-11-30 13:15:00+00:00","close_date":"2025-11-30 13:30:00+00:00","open_rate":884.62,"close_rate":895.246066066066,"fee_open":0.001,"fee_close":0.001,"trade_duration":15,"profit_ratio":0.009990009990009988,"profit_abs":0.1150006,"exit_reason":"roi","initial_stop_loss_abs":849.2352,"initial_stop_loss_ratio":-0.04,"stop_loss_abs":849.2352,"stop_loss_ratio":-0.04,"min_rate":884.62,"max_rate":895.71,"is_open":false,"enter_tag":"","leverage":1.0,"is_short":false,"open_timestamp":1764508500000,"close_timestamp":1764509400000,"orders":[{"amount":0.013,"safe_price":884.62,"ft_order_side":"buy","order_filled_timestamp":1764508500000,"ft_is_entry":true,"ft_order_tag":"","cost":11.511560059999999},{"amount":0.013,"safe_price":895.246066066066,"ft_order_side":"sell","order_filled_timestamp":1764509400000,"ft_is_entry":false,"ft_order_tag":"roi","cost":11.649837057717715}],"funding_fees":0.0,"weekday":6},{"pair":"BNB/USDT","stake_amount":11.8937,"max_stake_amount":11.8937,"amount":0.014,"open_date":"2025-12-02 14:15:00+00:00","close_date":"2025-12-02 14:45:00+00:00","open_rate":849.55,"close_rate":859.7548048048046,"fee_open":0.001,"fee_close":0.001,"trade_duration":30,"profit_ratio":0.00999000999000999,"profit_abs":0.118937,"exit_reason":"roi","initial_stop_loss_abs":815.5679999999999,"initial_stop_loss_ratio":-0.04,"stop_loss_abs":815.5679999999999,"stop_loss_ratio":-0.04,"min_rate":849.3,"max_rate":860.22,"is_open":false,"enter_tag":"","leverage":1.0,"is_short":false,"open_timestamp":1764684900000,"close_timestamp":1764686700000,"orders":[{"amount":0.014,"safe_price":849.55,"ft_order_side":"buy","order_filled_timestamp":1764684900000,"ft_is_entry":true,"ft_order_tag":"","cost":11.905593699999997},{"amount":0.014,"safe_price":859.7548048048046,"ft_order_side":"sell","order_filled_timestamp":1764686700000,"ft_is_entry":false,"ft_order_tag":"roi","cost":12.04860383453453}],"funding_fees":0.0,"weekday":1},{"pair":"BNB/USDT","stake_amount":12.03426,"max_stake_amount":12.03426,"amount":0.014,"open_date":"2025-12-02 15:00:00+00:00","close_date":"2025-12-02 15:00:00+00:00","open_rate":859.59,"close_rate":874.2176576576577,"fee_open":0.001,"fee_close":0.001,"trade_duration":0,"profit_ratio":0.014985014985014986,"profit_abs":0.1805139,"exit_reason":"roi","initial_stop_loss_abs":825.2064,"initial_stop_loss_ratio":-0.04,"stop_loss_abs":865.7946,"stop_loss_ratio":-0.01,"min_rate":858.61,"max_rate":874.54,"is_open":false,"enter_tag":"","leverage":1.0,"is_short":false,"open_timestamp":1764687600000,"close_timestamp":1764687600000,"orders":[{"amount":0.014,"safe_price":859.59,"ft_order_side":"buy","order_filled_timestamp":1764687600000,"ft_is_entry":true,"ft_order_tag":"","cost":12.04629426},{"amount":0.014,"safe_price":874.2176576576577,"ft_order_side":"sell","order_filled_timestamp":1764687600000,"ft_is_entry":false,"ft_order_tag":"roi","cost":12.251286254414413}],"funding_fees":0.0,"weekday":1},{"pair":"SOL/USDT","stake_amount":12.35507,"max_stake_amount":12.35507,"amount":0.091,"open_date":"2025-12-02 15:15:00+00:00","close_date":"2025-12-02 15:30:00+00:00","open_rate":135.77,"close_rate":137.40087087087085,"fee_open":0.001,"fee_close":0.001,"trade_duration":15,"profit_ratio":0.00999000999000999,"profit_abs":0.1235507,"exit_reason":"roi","initial_stop_loss_abs":130.3392,"initial_stop_loss_ratio":-0.04,"stop_loss_abs":138.4713,"stop_loss_ratio":-0.01,"min_rate":135.27,"max_rate":139.87,"is_open":false,"enter_tag":"","leverage":1.0,"is_short":false,"open_timestamp":1764688500000,"close_timestamp":1764689400000,"orders":[{"amount":0.091,"safe_price":135.77,"ft_order_side":"buy","order_filled_timestamp":1764688500000,"ft_is_entry":true,"ft_order_tag":"","cost":12.36742507},{"amount":0.091,"safe_price":137.40087087087085,"ft_order_side":"sell","order_filled_timestamp":1764689400000,"ft_is_entry":false,"ft_order_tag":"roi","cost":12.515982728498495}],"funding_fees":0.0,"weekday":1},{"pair":"BNB/USDT","stake_amount":12.20576,"max_stake_amount":12.20576,"amount":0.014,"open_date":"2025-12-02 15:15:00+00:00","close_date":"2025-12-02 18:15:00+00:00","open_rate":871.84,"close_rate":882.3125525525525,"fee_open":0.001,"fee_close":0.001,"trade_duration":180,"profit_ratio":0.00999000999000999,"profit_abs":0.1220576,"exit_reason":"roi","initial_stop_loss_abs":836.9664,"initial_stop_loss_ratio":-0.04,"stop_loss_abs":836.9664,"stop_loss_ratio":-0.04,"min_rate":864.31,"max_rate":882.9,"is_open":false,"enter_tag":"","leverage":1.0,"is_short":false,"open_timestamp":1764688500000,"close_timestamp":1764699300000,"orders":[{"amount":0.014,"safe_price":871.84,"ft_order_side":"buy","order_filled_timestamp":1764688500000,"ft_is_entry":true,"ft_order_tag":"","cost":12.21796576},{"amount":0.014,"safe_price":882.3125525525525,"ft_order_side":"sell","order_filled_timestamp":1764699300000,"ft_is_entry":false,"ft_order_tag":"roi","cost":12.364728111471468}],"funding_fees":0.0,"weekday":1},{"pair":"BNB/USDT","stake_amount":12.3522,"max_stake_amount":12.3522,"amount":0.014,"open_date":"2025-12-03 01:30:00+00:00","close_date":"2025-12-03 04:15:00+00:00","open_rate":882.3,"close_rate":892.898198198198,"fee_open":0.001,"fee_close":0.001,"trade_duration":165,"profit_ratio":0.00999000999000999,"profit_abs":0.123522,"exit_reason":"roi","initial_stop_loss_abs":847.0079999999999,"initial_stop_loss_ratio":-0.04,"stop_loss_abs":847.0079999999999,"stop_loss_ratio":-0.04,"min_rate":881.4,"max_rate":893.66,"is_open":false,"enter_tag":"","leverage":1.0,"is_short":false,"open_timestamp":1764725400000,"close_timestamp":1764735300000,"orders":[{"amount":0.014,"safe_price":882.3,"ft_order_side":"buy","order_filled_timestamp":1764725400000,"ft_is_entry":true,"ft_order_tag":"","cost":12.364552199999999},{"amount":0.014,"safe_price":892.898198198198,"ft_order_side":"sell","order_filled_timestamp":1764735300000,"ft_is_entry":false,"ft_order_tag":"roi","cost":12.513075349549545}],"funding_fees":0.0,"weekday":2},{"pair":"SOL/USDT","stake_amount":12.40536,"max_stake_amount":12.40536,"amount":0.088,"open_date":"2025-12-03 04:30:00+00:00","close_date":"2025-12-03 05:00:00+00:00","open_rate":140.97,"close_rate":142.6633333333333,"fee_open":0.001,"fee_close":0.001,"trade_duration":30,"profit_ratio":0.00999000999000999,"profit_abs":0.1240536,"exit_reason":"roi","initial_stop_loss_abs":135.3312,"initial_stop_loss_ratio":-0.04,"stop_loss_abs":135.3312,"stop_loss_ratio":-0.04,"min_rate":140.88,"max_rate":143.25,"is_open":false,"enter_tag":"","leverage":1.0,"is_short":false,"open_timestamp":1764736200000,"close_timestamp":1764738000000,"orders":[{"amount":0.088,"safe_price":140.97,"ft_order_side":"buy","order_filled_timestamp":1764736200000,"ft_is_entry":true,"ft_order_tag":"","cost":12.417765359999999},{"amount":0.088,"safe_price":142.6633333333333,"ft_order_side":"sell","order_filled_timestamp":1764738000000,"ft_is_entry":false,"ft_order_tag":"roi","cost":12.566927706666661}],"funding_fees":0.0,"weekday":2},{"pair":"BNB/USDT","stake_amount":11.7234,"max_stake_amount":11.7234,"amount":0.013,"open_date":"2025-12-03 06:00:00+00:00","close_date":"2025-12-03 07:30:00+00:00","open_rate":901.8,"close_rate":895.36,"fee_open":0.001,"fee_close":0.001,"trade_duration":90,"profit_ratio":-0.009125006729797148,"profit_abs":-0.10708308,"exit_reason":"exit_signal","initial_stop_loss_abs":865.728,"initial_stop_loss_ratio":-0.04,"stop_loss_abs":865.728,"stop_loss_ratio":-0.04,"min_rate":894.17,"max_rate":910.57,"is_open":false,"enter_tag":"","leverage":1.0,"is_short":false,"open_timestamp":1764741600000,"close_timestamp":1764747000000,"orders":[{"amount":0.013,"safe_price":901.8,"ft_order_side":"buy","order_filled_timestamp":1764741600000,"ft_is_entry":true,"ft_order_tag":"","cost":11.735123399999997},{"amount":0.013,"safe_price":895.36,"ft_order_side":"sell","order_filled_timestamp":1764747000000,"ft_is_entry":false,"ft_order_tag":"exit_signal","cost":11.651319679999999}],"funding_fees":0.0,"weekday":2},{"pair":"SOL/USDT","stake_amount":12.429,"max_stake_amount":12.429,"amount":0.09,"open_date":"2025-12-08 09:15:00+00:00","close_date":"2025-12-08 12:15:00+00:00","open_rate":138.1,"close_rate":137.96,"fee_open":0.001,"fee_close":0.001,"trade_duration":180,"profit_ratio":-0.0030097346534710763,"profit_abs":-0.0374454,"exit_reason":"exit_signal","initial_stop_loss_abs":132.576,"initial_stop_loss_ratio":-0.04,"stop_loss_abs":132.576,"stop_loss_ratio":-0.04,"min_rate":137.25,"max_rate":139.36,"is_open":false,"enter_tag":"","leverage":1.0,"is_short":false,"open_timestamp":1765185300000,"close_timestamp":1765196100000,"orders":[{"amount":0.09,"safe_price":138.1,"ft_order_side":"buy","order_filled_timestamp":1765185300000,"ft_is_entry":true,"ft_order_tag":"","cost":12.441428999999998},{"amount":0.09,"safe_price":137.96,"ft_order_side":"sell","order_filled_timestamp":1765196100000,"ft_is_entry":false,"ft_order_tag":"exit_signal","cost":12.428816399999999}],"funding_fees":0.0,"weekday":0},{"pair":"SOL/USDT","stake_amount":12.41149,"max_stake_amount":12.41149,"amount":0.091,"open_date":"2025-12-09 15:45:00+00:00","close_date":"2025-12-09 16:00:00+00:00","open_rate":136.39,"close_rate":138.45,"fee_open":0.001,"fee_close":0.001,"trade_duration":15,"profit_ratio":0.013075567295084854,"profit_abs":0.16244956,"exit_reason":"roi","initial_stop_loss_abs":130.93439999999998,"initial_stop_loss_ratio":-0.04,"stop_loss_abs":140.0553,"stop_loss_ratio":-0.01,"min_rate":136.29,"max_rate":141.47,"is_open":false,"enter_tag":"","leverage":1.0,"is_short":false,"open_timestamp":1765295100000,"close_timestamp":1765296000000,"orders":[{"amount":0.091,"safe_price":136.39,"ft_order_side":"buy","order_filled_timestamp":1765295100000,"ft_is_entry":true,"ft_order_tag":"","cost":12.423901489999997},{"amount":0.091,"safe_price":138.45,"ft_order_side":"sell","order_filled_timestamp":1765296000000,"ft_is_entry":false,"ft_order_tag":"roi","cost":12.611548949999998}],"funding_fees":0.0,"weekday":1},{"pair":"BNB/USDT","stake_amount":11.79971,"max_stake_amount":11.79971,"amount":0.013,"open_date":"2025-12-09 16:00:00+00:00","close_date":"2025-12-09 16:15:00+00:00","open_rate":907.67,"close_rate":918.5729429429427,"fee_open":0.001,"fee_close":0.001,"trade_duration":15,"profit_ratio":0.00999000999000999,"profit_abs":0.1179971,"exit_reason":"roi","initial_stop_loss_abs":871.3631999999999,"initial_stop_loss_ratio":-0.04,"stop_loss_abs":871.3631999999999,"stop_loss_ratio":-0.04,"min_rate":907.67,"max_rate":919.31,"is_open":false,"enter_tag":"","leverage":1.0,"is_short":false,"open_timestamp":1765296000000,"close_timestamp":1765296900000,"orders":[{"amount":0.013,"safe_price":907.67,"ft_order_side":"buy","order_filled_timestamp":1765296000000,"ft_is_entry":true,"ft_order_tag":"","cost":11.811509709999997},{"amount":0.013,"safe_price":918.5729429429427,"ft_order_side":"sell","order_filled_timestamp":1765296900000,"ft_is_entry":false,"ft_order_tag":"roi","cost":11.953389706516512}],"funding_fees":0.0,"weekday":1},{"pair":"SOL/USDT","stake_amount":12.44232,"max_stake_amount":12.44232,"amount":0.088,"open_date":"2025-12-09 16:15:00+00:00","close_date":"2025-12-09 16:30:00+00:00","open_rate":141.39,"close_rate":143.08837837837834,"fee_open":0.001,"fee_close":0.001,"trade_duration":15,"profit_ratio":0.00999000999000999,"profit_abs":0.1244232,"exit_reason":"roi","initial_stop_loss_abs":135.7344,"initial_stop_loss_ratio":-0.04,"stop_loss_abs":135.7344,"stop_loss_ratio":-0.04,"min_rate":139.95,"max_rate":143.64,"is_open":false,"enter_tag":"","leverage":1.0,"is_short":false,"open_timestamp":1765296900000,"close_timestamp":1765297800000,"orders":[{"amount":0.088,"safe_price":141.39,"ft_order_side":"buy","order_filled_timestamp":1765296900000,"ft_is_entry":true,"ft_order_tag":"","cost":12.454762319999997},{"amount":0.088,"safe_price":143.08837837837834,"ft_order_side":"sell","order_filled_timestamp":1765297800000,"ft_is_entry":false,"ft_order_tag":"roi","cost":12.604369074594588}],"funding_fees":0.0,"weekday":1},{"pair":"BNB/USDT","stake_amount":11.97287,"max_stake_amount":11.97287,"amount":0.013,"open_date":"2025-12-09 16:45:00+00:00","close_date":"2025-12-09 19:15:00+00:00","open_rate":920.99,"close_rate":915.0,"fee_open":0.001,"fee_close":0.001,"trade_duration":150,"profit_ratio":-0.008488878085724957,"profit_abs":-0.10173787,"exit_reason":"exit_signal","initial_stop_loss_abs":884.1504,"initial_stop_loss_ratio":-0.04,"stop_loss_abs":884.1504,"stop_loss_ratio":-0.04,"min_rate":913.56,"max_rate":928.0,"is_open":false,"enter_tag":"","leverage":1.0,"is_short":false,"open_timestamp":1765298700000,"close_timestamp":1765307700000,"orders":[{"amount":0.013,"safe_price":920.99,"ft_order_side":"buy","order_filled_timestamp":1765298700000,"ft_is_entry":true,"ft_order_tag":"","cost":11.98484287},{"amount":0.013,"safe_price":915.0,"ft_order_side":"sell","order_filled_timestamp":1765307700000,"ft_is_entry":false,"ft_order_tag":"exit_signal","cost":11.906894999999999}],"funding_fees":0.0,"weekday":1},{"pair":"BNB/USDT","stake_amount":11.73029,"max_stake_amount":11.73029,"amount":0.013,"open_date":"2025-12-10 19:15:00+00:00","close_date":"2025-12-10 20:15:00+00:00","open_rate":902.33,"close_rate":913.1687987987987,"fee_open":0.001,"fee_close":0.001,"trade_duration":60,"profit_ratio":0.00999000999000999,"profit_abs":0.1173029,"exit_reason":"roi","initial_stop_loss_abs":866.2368,"initial_stop_loss_ratio":-0.04,"stop_loss_abs":866.2368,"stop_loss_ratio":-0.04,"min_rate":897.54,"max_rate":915.0,"is_open":false,"enter_tag":"","leverage":1.0,"is_short":false,"open_timestamp":1765394100000,"close_timestamp":1765397700000,"orders":[{"amount":0.013,"safe_price":902.33,"ft_order_side":"buy","order_filled_timestamp":1765394100000,"ft_is_entry":true,"ft_order_tag":"","cost":11.74202029},{"amount":0.013,"safe_price":913.1687987987987,"ft_order_side":"sell","order_filled_timestamp":1765397700000,"ft_is_entry":false,"ft_order_tag":"roi","cost":11.883065578768765}],"funding_fees":0.0,"weekday":2},{"pair":"BNB/USDT","stake_amount":12.50998,"max_stake_amount":12.50998,"amount":0.014,"open_date":"2025-12-13 10:45:00+00:00","close_date":"2025-12-13 13:00:00+00:00","open_rate":893.57,"close_rate":891.49,"fee_open":0.001,"fee_close":0.001,"trade_duration":135,"profit_ratio":-0.004321092696933426,"profit_abs":-0.05411084,"exit_reason":"exit_signal","initial_stop_loss_abs":857.8272000000001,"initial_stop_loss_ratio":-0.04,"stop_loss_abs":857.8272000000001,"stop_loss_ratio":-0.04,"min_rate":891.04,"max_rate":894.11,"is_open":false,"enter_tag":"","leverage":1.0,"is_short":false,"open_timestamp":1765622700000,"close_timestamp":1765630800000,"orders":[{"amount":0.014,"safe_price":893.57,"ft_order_side":"buy","order_filled_timestamp":1765622700000,"ft_is_entry":true,"ft_order_tag":"","cost":12.52248998},{"amount":0.014,"safe_price":891.49,"ft_order_side":"sell","order_filled_timestamp":1765630800000,"ft_is_entry":false,"ft_order_tag":"exit_signal","cost":12.493340859999998}],"funding_fees":0.0,"weekday":5},{"pair":"BNB/USDT","stake_amount":11.68024,"max_stake_amount":11.68024,"amount":0.013,"open_date":"2025-12-13 15:15:00+00:00","close_date":"2025-12-13 17:15:00+00:00","open_rate":898.48,"close_rate":896.64,"fee_open":0.001,"fee_close":0.001,"trade_duration":120,"profit_ratio":-0.004041813408744225,"profit_abs":-0.04725656,"exit_reason":"exit_signal","initial_stop_loss_abs":862.5408,"initial_stop_loss_ratio":-0.04,"stop_loss_abs":862.5408,"stop_loss_ratio":-0.04,"min_rate":894.86,"max_rate":904.22,"is_open":false,"enter_tag":"","leverage":1.0,"is_short":false,"open_timestamp":1765638900000,"close_timestamp":1765646100000,"orders":[{"amount":0.013,"safe_price":898.48,"ft_order_side":"buy","order_filled_timestamp":1765638900000,"ft_is_entry":true,"ft_order_tag":"","cost":11.691920239999998},{"amount":0.013,"safe_price":896.64,"ft_order_side":"sell","order_filled_timestamp":1765646100000,"ft_is_entry":false,"ft_order_tag":"exit_signal","cost":11.667976319999998}],"funding_fees":0.0,"weekday":5},{"pair":"SOL/USDT","stake_amount":12.46628,"max_stake_amount":12.46628,"amount":0.094,"open_date":"2025-12-17 15:00:00+00:00","close_date":"2025-12-17 15:45:00+00:00","open_rate":132.62,"close_rate":129.07,"fee_open":0.001,"fee_close":0.001,"trade_duration":45,"profit_ratio":-0.028712728984181254,"profit_abs":-0.35829886,"exit_reason":"exit_signal","initial_stop_loss_abs":127.3152,"initial_stop_loss_ratio":-0.04,"stop_loss_abs":127.3152,"stop_loss_ratio":-0.04,"min_rate":126.58,"max_rate":133.99,"is_open":false,"enter_tag":"","leverage":1.0,"is_short":false,"open_timestamp":1765983600000,"close_timestamp":1765986300000,"orders":[{"amount":0.094,"safe_price":132.62,"ft_order_side":"buy","order_filled_timestamp":1765983600000,"ft_is_entry":true,"ft_order_tag":"","cost":12.47874628},{"amount":0.094,"safe_price":129.07,"ft_order_side":"sell","order_filled_timestamp":1765986300000,"ft_is_entry":false,"ft_order_tag":"exit_signal","cost":12.144712579999998}],"funding_fees":0.0,"weekday":2},{"pair":"SOL/USDT","stake_amount":12.41856,"max_stake_amount":12.41856,"amount":0.099,"open_date":"2025-12-18 14:15:00+00:00","close_date":"2025-12-18 14:30:00+00:00","open_rate":125.44,"close_rate":126.94678678678677,"fee_open":0.001,"fee_close":0.001,"trade_duration":15,"profit_ratio":0.00999000999000999,"profit_abs":0.1241856,"exit_reason":"roi","initial_stop_loss_abs":120.4224,"initial_stop_loss_ratio":-0.04,"stop_loss_abs":120.4224,"stop_loss_ratio":-0.04,"min_rate":124.7,"max_rate":127.38,"is_open":false,"enter_tag":"","leverage":1.0,"is_short":false,"open_timestamp":1766067300000,"close_timestamp":1766068200000,"orders":[{"amount":0.099,"safe_price":125.44,"ft_order_side":"buy","order_filled_timestamp":1766067300000,"ft_is_entry":true,"ft_order_tag":"","cost":12.43097856},{"amount":0.099,"safe_price":126.94678678678677,"ft_order_side":"sell","order_filled_timestamp":1766068200000,"ft_is_entry":false,"ft_order_tag":"roi","cost":12.58029962378378}],"funding_fees":0.0,"weekday":3},{"pair":"SOL/USDT","stake_amount":12.40116,"max_stake_amount":12.40116,"amount":0.102,"open_date":"2025-12-19 03:45:00+00:00","close_date":"2025-12-19 05:15:00+00:00","open_rate":121.58,"close_rate":123.0404204204204,"fee_open":0.001,"fee_close":0.001,"trade_duration":90,"profit_ratio":0.00999000999000999,"profit_abs":0.1240116,"exit_reason":"roi","initial_stop_loss_abs":116.71679999999999,"initial_stop_loss_ratio":-0.04,"stop_loss_abs":116.71679999999999,"stop_loss_ratio":-0.04,"min_rate":121.2,"max_rate":123.38,"is_open":false,"enter_tag":"","leverage":1.0,"is_short":false,"open_timestamp":1766115900000,"close_timestamp":1766121300000,"orders":[{"amount":0.102,"safe_price":121.58,"ft_order_side":"buy","order_filled_timestamp":1766115900000,"ft_is_entry":true,"ft_order_tag":"","cost":12.413561159999997},{"amount":0.102,"safe_price":123.0404204204204,"ft_order_side":"sell","order_filled_timestamp":1766121300000,"ft_is_entry":false,"ft_order_tag":"roi","cost":12.562673005765761}],"funding_fees":0.0,"weekday":4},{"pair":"BNB/USDT","stake_amount":11.9,"max_stake_amount":11.9,"amount":0.014,"open_date":"2025-12-19 14:45:00+00:00","close_date":"2025-12-19 15:30:00+00:00","open_rate":850.0,"close_rate":846.61,"fee_open":0.001,"fee_close":0.001,"trade_duration":45,"profit_ratio":-0.005978268790033497,"profit_abs":-0.07121254,"exit_reason":"exit_signal","initial_stop_loss_abs":816.0,"initial_stop_loss_ratio":-0.04,"stop_loss_abs":816.0,"stop_loss_ratio":-0.04,"min_rate":844.75,"max_rate":855.0,"is_open":false,"enter_tag":"","leverage":1.0,"is_short":false,"open_timestamp":1766155500000,"close_timestamp":1766158200000,"orders":[{"amount":0.014,"safe_price":850.0,"ft_order_side":"buy","order_filled_timestamp":1766155500000,"ft_is_entry":true,"ft_order_tag":"","cost":11.9119},{"amount":0.014,"safe_price":846.61,"ft_order_side":"sell","order_filled_timestamp":1766158200000,"ft_is_entry":false,"ft_order_tag":"exit_signal","cost":11.86439254}],"funding_fees":0.0,"weekday":4}],"locks":[],"best_pair":{"key":"BNB/USDT","trades":14,"profit_mean":0.0032553186811518273,"profit_mean_pct":0.33,"profit_total_abs":0.54438603,"profit_total":0.0108877206,"profit_total_pct":1.09,"duration_avg":"1:30:00","wins":8,"draws":0,"losses":6,"winrate":0.5714285714285714,"cagr":0.07742746432943814,"expectancy":0.03888471642857143,"expectancy_ratio":0.49746640941075837,"sortino":8.685085815733006,"sharpe":1.8940186676356505,"calmar":115.33748613470291,"sqn":1.3532,"profit_factor":2.1607549552917704,"max_drawdown_account":0.0034028048937722872,"max_drawdown_abs":0.17257994},"worst_pair":{"key":"SOL/USDT","trades":15,"profit_mean":3.454044026211106e-06,"profit_mean_pct":0.0,"profit_total_abs":0.0030607999999999608,"profit_total":6.121599999999922e-05,"profit_total_pct":0.01,"duration_avg":"1:23:00","wins":8,"draws":0,"losses":7,"winrate":0.5333333333333333,"cagr":0.00042165785623260454,"expectancy":0.00020405333333332887,"expectancy_ratio":0.0013967000041961164,"sortino":0.010944756359326986,"sharpe":0.007188035227028287,"calmar":0.26160460124812357,"sqn":0.005,"profit_factor":1.0029929285804202,"max_drawdown_account":0.008435098000000068,"max_drawdown_abs":0.42175490000000004},"results_per_pair":[{"key":"BNB/USDT","trades":14,"profit_mean":0.0032553186811518273,"profit_mean_pct":0.33,"profit_total_abs":0.54438603,"profit_total":0.0108877206,"profit_total_pct":1.09,"duration_avg":"1:30:00","wins":8,"draws":0,"losses":6,"winrate":0.5714285714285714,"cagr":0.07742746432943814,"expectancy":0.03888471642857143,"expectancy_ratio":0.49746640941075837,"sortino":8.685085815733006,"sharpe":1.8940186676356505,"calmar":115.33748613470291,"sqn":1.3532,"profit_factor":2.1607549552917704,"max_drawdown_account":0.0034028048937722872,"max_drawdown_abs":0.17257994},{"key":"SOL/USDT","trades":15,"profit_mean":3.454044026211106e-06,"profit_mean_pct":0.0,"profit_total_abs":0.0030607999999999608,"profit_total":6.121599999999922e-05,"profit_total_pct":0.01,"duration_avg":"1:23:00","wins":8,"draws":0,"losses":7,"winrate":0.5333333333333333,"cagr":0.00042165785623260454,"expectancy":0.00020405333333332887,"expectancy_ratio":0.0013967000041961164,"sortino":0.010944756359326986,"sharpe":0.007188035227028287,"calmar":0.26160460124812357,"sqn":0.005,"profit_factor":1.0029929285804202,"max_drawdown_account":0.008435098000000068,"max_drawdown_abs":0.42175490000000004},{"key":"TOTAL","trades":29,"profit_mean":0.00157331973091444,"profit_mean_pct":0.16,"profit_total_abs":0.54744683,"profit_total":0.0109489366,"profit_total_pct":1.09,"duration_avg":"1:26:00","wins":16,"draws":0,"losses":13,"winrate":0.5517241379310345,"cagr":0.07787687613248195,"expectancy":0.018877476896551698,"expectancy_ratio":0.16451838902981475,"sortino":2.3835428877924087,"sharpe":1.4815129942969198,"calmar":41.97294431442464,"sqn":0.7499,"profit_factor":1.3670025601434328,"max_drawdown_account":0.009403143600000021,"max_drawdown_abs":0.47015718000000006}],"results_per_enter_tag":[{"key":"","trades":29,"profit_mean":0.00157331973091444,"profit_mean_pct":0.16,"profit_total_abs":0.54744683,"profit_total":0.0109489366,"profit_total_pct":1.09,"duration_avg":"1:26:00","wins":16,"draws":0,"losses":13,"winrate":0.5517241379310345,"cagr":0.07787687613248195,"expectancy":0.018877476896551698,"expectancy_ratio":0.16451838902981475,"sortino":2.3835428877924087,"sharpe":1.4815129942969198,"calmar":41.97294431442464,"sqn":0.7499,"profit_factor":1.3670025601434328,"max_drawdown_account":0.009403143600000021,"max_drawdown_abs":0.47015718000000006},{"key":"TOTAL","trades":29,"profit_mean":0.00157331973091444,"profit_mean_pct":0.16,"profit_total_abs":0.54744683,"profit_total":0.0109489366,"profit_total_pct":1.09,"duration_avg":"1:26:00","wins":16,"draws":0,"losses":13,"winrate":0.5517241379310345,"cagr":0.07787687613248195,"expectancy":0.018877476896551698,"expectancy_ratio":0.16451838902981475,"sortino":2.3835428877924087,"sharpe":1.4815129942969198,"calmar":41.97294431442464,"sqn":0.7499,"profit_factor":1.3670025601434328,"max_drawdown_account":0.009403143600000021,"max_drawdown_abs":0.47015718000000006}],"exit_reason_summary":[{"key":"roi","trades":16,"profit_mean":0.010495045133764981,"profit_mean_pct":1.05,"profit_total_abs":2.03911716,"profit_total":0.0407823432,"profit_total_pct":4.08,"duration_avg":"0:59:00","wins":16,"draws":0,"losses":0,"winrate":1.0,"cagr":0.31690406241733493,"expectancy":0.1274448225,"expectancy_ratio":100.0,"sortino":-100,"sharpe":42.78714103450051,"calmar":-100,"sqn":28.7322,"profit_factor":0.0,"max_drawdown_account":0.0,"max_drawdown_abs":0.0},{"key":"exit_signal","trades":13,"profit_mean":-0.009407265380286228,"profit_mean_pct":-0.94,"profit_total_abs":-1.4916703300000005,"profit_total":-0.02983340660000001,"profit_total_pct":-2.98,"duration_avg":"2:00:00","wins":0,"draws":0,"losses":13,"winrate":0.0,"cagr":-0.188266800037883,"expectancy":-0.11474387153846158,"expectancy_ratio":-1.0,"sortino":-6.494621963565766,"sharpe":-6.494621963565766,"calmar":-36.04711919725062,"sqn":-4.801,"profit_factor":0.0,"max_drawdown_account":0.02983340659999996,"max_drawdown_abs":1.4916703300000005},{"key":"TOTAL","trades":29,"profit_mean":0.00157331973091444,"profit_mean_pct":0.16,"profit_total_abs":0.54744683,"profit_total":0.0109489366,"profit_total_pct":1.09,"duration_avg":"1:26:00","wins":16,"draws":0,"losses":13,"winrate":0.5517241379310345,"cagr":0.07787687613248195,"expectancy":0.018877476896551698,"expectancy_ratio":0.16451838902981475,"sortino":2.3835428877924087,"sharpe":1.4815129942969198,"calmar":41.97294431442464,"sqn":0.7499,"profit_factor":1.3670025601434328,"max_drawdown_account":0.009403143600000021,"max_drawdown_abs":0.47015718000000006}],"mix_tag_stats":[{"key":["","roi"],"trades":16,"profit_mean":0.010495045133764981,"profit_mean_pct":1.05,"profit_total_abs":2.03911716,"profit_total":0.0407823432,"profit_total_pct":4.08,"duration_avg":"0:59:00","wins":16,"draws":0,"losses":0,"winrate":1.0,"cagr":0.31690406241733493,"expectancy":0.1274448225,"expectancy_ratio":100.0,"sortino":-100,"sharpe":42.78714103450051,"calmar":-100,"sqn":28.7322,"profit_factor":0.0,"max_drawdown_account":0.0,"max_drawdown_abs":0.0},{"key":["","exit_signal"],"trades":13,"profit_mean":-0.009407265380286228,"profit_mean_pct":-0.94,"profit_total_abs":-1.4916703300000005,"profit_total":-0.02983340660000001,"profit_total_pct":-2.98,"duration_avg":"2:00:00","wins":0,"draws":0,"losses":13,"winrate":0.0,"cagr":-0.188266800037883,"expectancy":-0.11474387153846158,"expectancy_ratio":-1.0,"sortino":-6.494621963565766,"sharpe":-6.494621963565766,"calmar":-36.04711919725062,"sqn":-4.801,"profit_factor":0.0,"max_drawdown_account":0.02983340659999996,"max_drawdown_abs":1.4916703300000005},{"key":"TOTAL","trades":29,"profit_mean":0.00157331973091444,"profit_mean_pct":0.16,"profit_total_abs":0.54744683,"profit_total":0.0109489366,"profit_total_pct":1.09,"duration_avg":"1:26:00","wins":16,"draws":0,"losses":13,"winrate":0.5517241379310345,"cagr":0.07787687613248195,"expectancy":0.018877476896551698,"expectancy_ratio":0.16451838902981475,"sortino":2.3835428877924087,"sharpe":1.4815129942969198,"calmar":41.97294431442464,"sqn":0.7499,"profit_factor":1.3670025601434328,"max_drawdown_account":0.009403143600000021,"max_drawdown_abs":0.47015718000000006}],"left_open_trades":[{"key":"TOTAL","trades":0,"profit_mean":0.0,"profit_mean_pct":0.0,"profit_total_abs":0.0,"profit_total":0.0,"profit_total_pct":0.0,"duration_avg":"0:00","wins":0,"draws":0,"losses":0,"winrate":0.0,"cagr":0.0,"expectancy":0.0,"expectancy_ratio":100.0,"sortino":0,"sharpe":0,"calmar":0,"sqn":0.0,"profit_factor":0.0,"max_drawdown_account":0.0,"max_drawdown_abs":0.0}],"total_trades":29,"trade_count_long":29,"trade_count_short":0,"total_volume":705.376911308138,"avg_stake_amount":12.127933103448276,"profit_mean":0.00157331973091444,"profit_median":0.00999000999000999,"profit_total":0.0109489366,"profit_total_long":0.0109489366,"profit_total_short":0.0,"profit_total_abs":0.54744683,"profit_total_long_abs":0.54744683,"profit_total_short_abs":0.0,"cagr":0.07787687613248195,"expectancy":0.018877476896551698,"expectancy_ratio":0.16451838902981475,"sortino":2.3835428877924087,"sharpe":1.4815129942969198,"calmar":41.97294431442464,"sqn":0.7499,"profit_factor":1.3670025601434328,"backtest_start":"2025-11-01 07:30:00","backtest_start_ts":1761982200000,"backtest_end":"2025-12-25 00:00:00","backtest_end_ts":1766620800000,"backtest_days":53,"backtest_run_start_ts":1766823451,"backtest_run_end_ts":1766823451,"trades_per_day":0.55,"market_change":-0.27972936355109923,"pairlist":["SOL/USDT","BNB/USDT"],"stake_amount":"unlimited","stake_currency":"USDT","stake_currency_decimals":3,"starting_balance":50,"dry_run_wallet":50,"final_balance":50.54744683,"rejected_signals":0,"timedout_entry_orders":0,"timedout_exit_orders":0,"canceled_trade_entries":0,"canceled_entry_orders":0,"replaced_entry_orders":0,"max_open_trades":2,"max_open_trades_setting":4,"timeframe":"15m","timeframe_detail":"","timerange":"20250901-20251225","enable_protections":false,"strategy_name":"scal","freqaimodel":"XGBoostRegressor","freqai_identifier":"qs_v9_scalp_5m1h_l2","stoploss":-0.04,"trailing_stop":true,"trailing_stop_positive":0.01,"trailing_stop_positive_offset":0.015,"trailing_only_offset_is_reached":true,"use_custom_stoploss":false,"minimal_roi":{"1":0.01,"0":0.015},"use_exit_signal":true,"exit_profit_only":false,"exit_profit_offset":0.0,"ignore_roi_if_entry_signal":false,"trading_mode":"spot","margin_mode":"","periodic_breakdown":{"day":[{"date":"02/11/2025","date_ts":1762041600000,"profit_abs":-0.0620659,"wins":0,"draws":0,"losses":1,"trades":1,"profit_factor":0.0},{"date":"03/11/2025","date_ts":1762128000000,"profit_abs":-0.16674775,"wins":0,"draws":0,"losses":1,"trades":1,"profit_factor":0.0},{"date":"04/11/2025","date_ts":1762214400000,"profit_abs":0.0,"wins":0,"draws":0,"losses":0,"trades":0,"profit_factor":0.0},{"date":"05/11/2025","date_ts":1762300800000,"profit_abs":0.0,"wins":0,"draws":0,"losses":0,"trades":0,"profit_factor":0.0},{"date":"06/11/2025","date_ts":1762387200000,"profit_abs":0.0,"wins":0,"draws":0,"losses":0,"trades":0,"profit_factor":0.0},{"date":"07/11/2025","date_ts":1762473600000,"profit_abs":0.0,"wins":0,"draws":0,"losses":0,"trades":0,"profit_factor":0.0},{"date":"08/11/2025","date_ts":1762560000000,"profit_abs":0.0,"wins":0,"draws":0,"losses":0,"trades":0,"profit_factor":0.0},{"date":"09/11/2025","date_ts":1762646400000,"profit_abs":-0.07158865,"wins":1,"draws":0,"losses":1,"trades":2,"profit_factor":0.62896141},{"date":"10/11/2025","date_ts":1762732800000,"profit_abs":0.0,"wins":0,"draws":0,"losses":0,"trades":0,"profit_factor":0.0},{"date":"11/11/2025","date_ts":1762819200000,"profit_abs":0.0,"wins":0,"draws":0,"losses":0,"trades":0,"profit_factor":0.0},{"date":"12/11/2025","date_ts":1762905600000,"profit_abs":0.0,"wins":0,"draws":0,"losses":0,"trades":0,"profit_factor":0.0},{"date":"13/11/2025","date_ts":1762992000000,"profit_abs":0.0,"wins":0,"draws":0,"losses":0,"trades":0,"profit_factor":0.0},{"date":"14/11/2025","date_ts":1763078400000,"profit_abs":0.0,"wins":0,"draws":0,"losses":0,"trades":0,"profit_factor":0.0},{"date":"15/11/2025","date_ts":1763164800000,"profit_abs":0.0,"wins":0,"draws":0,"losses":0,"trades":0,"profit_factor":0.0},{"date":"16/11/2025","date_ts":1763251200000,"profit_abs":0.0,"wins":0,"draws":0,"losses":0,"trades":0,"profit_factor":0.0},{"date":"17/11/2025","date_ts":1763337600000,"profit_abs":0.0,"wins":0,"draws":0,"losses":0,"trades":0,"profit_factor":0.0},{"date":"18/11/2025","date_ts":1763424000000,"profit_abs":0.0,"wins":0,"draws":0,"losses":0,"trades":0,"profit_factor":0.0},{"date":"19/11/2025","date_ts":1763510400000,"profit_abs":0.0,"wins":0,"draws":0,"losses":0,"trades":0,"profit_factor":0.0},{"date":"20/11/2025","date_ts":1763596800000,"profit_abs":-0.16975488,"wins":0,"draws":0,"losses":2,"trades":2,"profit_factor":0.0},{"date":"21/11/2025","date_ts":1763683200000,"profit_abs":0.0,"wins":0,"draws":0,"losses":0,"trades":0,"profit_factor":0.0},{"date":"22/11/2025","date_ts":1763769600000,"profit_abs":0.0,"wins":0,"draws":0,"losses":0,"trades":0,"profit_factor":0.0},{"date":"23/11/2025","date_ts":1763856000000,"profit_abs":0.2397592,"wins":2,"draws":0,"losses":0,"trades":2,"profit_factor":0.0},{"date":"24/11/2025","date_ts":1763942400000,"profit_abs":0.0,"wins":0,"draws":0,"losses":0,"trades":0,"profit_factor":0.0},{"date":"25/11/2025","date_ts":1764028800000,"profit_abs":0.0,"wins":0,"draws":0,"losses":0,"trades":0,"profit_factor":0.0},{"date":"26/11/2025","date_ts":1764115200000,"profit_abs":-0.1230154,"wins":0,"draws":0,"losses":1,"trades":1,"profit_factor":0.0},{"date":"27/11/2025","date_ts":1764201600000,"profit_abs":0.0,"wins":0,"draws":0,"losses":0,"trades":0,"profit_factor":0.0},{"date":"28/11/2025","date_ts":1764288000000,"profit_abs":0.0,"wins":0,"draws":0,"losses":0,"trades":0,"profit_factor":0.0},{"date":"29/11/2025","date_ts":1764374400000,"profit_abs":0.0,"wins":0,"draws":0,"losses":0,"trades":0,"profit_factor":0.0},{"date":"30/11/2025","date_ts":1764460800000,"profit_abs":0.1150006,"wins":1,"draws":0,"losses":0,"trades":1,"profit_factor":0.0},{"date":"01/12/2025","date_ts":1764547200000,"profit_abs":0.0,"wins":0,"draws":0,"losses":0,"trades":0,"profit_factor":0.0},{"date":"02/12/2025","date_ts":1764633600000,"profit_abs":0.5450592,"wins":4,"draws":0,"losses":0,"trades":4,"profit_factor":0.0},{"date":"03/12/2025","date_ts":1764720000000,"profit_abs":0.14049252,"wins":2,"draws":0,"losses":1,"trades":3,"profit_factor":2.31199551},{"date":"04/12/2025","date_ts":1764806400000,"profit_abs":0.0,"wins":0,"draws":0,"losses":0,"trades":0,"profit_factor":0.0},{"date":"05/12/2025","date_ts":1764892800000,"profit_abs":0.0,"wins":0,"draws":0,"losses":0,"trades":0,"profit_factor":0.0},{"date":"06/12/2025","date_ts":1764979200000,"profit_abs":0.0,"wins":0,"draws":0,"losses":0,"trades":0,"profit_factor":0.0},{"date":"07/12/2025","date_ts":1765065600000,"profit_abs":0.0,"wins":0,"draws":0,"losses":0,"trades":0,"profit_factor":0.0},{"date":"08/12/2025","date_ts":1765152000000,"profit_abs":-0.0374454,"wins":0,"draws":0,"losses":1,"trades":1,"profit_factor":0.0},{"date":"09/12/2025","date_ts":1765238400000,"profit_abs":0.30313199,"wins":3,"draws":0,"losses":1,"trades":4,"profit_factor":3.97953938},{"date":"10/12/2025","date_ts":1765324800000,"profit_abs":0.1173029,"wins":1,"draws":0,"losses":0,"trades":1,"profit_factor":0.0},{"date":"11/12/2025","date_ts":1765411200000,"profit_abs":0.0,"wins":0,"draws":0,"losses":0,"trades":0,"profit_factor":0.0},{"date":"12/12/2025","date_ts":1765497600000,"profit_abs":0.0,"wins":0,"draws":0,"losses":0,"trades":0,"profit_factor":0.0},{"date":"13/12/2025","date_ts":1765584000000,"profit_abs":-0.1013674,"wins":0,"draws":0,"losses":2,"trades":2,"profit_factor":0.0},{"date":"14/12/2025","date_ts":1765670400000,"profit_abs":0.0,"wins":0,"draws":0,"losses":0,"trades":0,"profit_factor":0.0},{"date":"15/12/2025","date_ts":1765756800000,"profit_abs":0.0,"wins":0,"draws":0,"losses":0,"trades":0,"profit_factor":0.0},{"date":"16/12/2025","date_ts":1765843200000,"profit_abs":0.0,"wins":0,"draws":0,"losses":0,"trades":0,"profit_factor":0.0},{"date":"17/12/2025","date_ts":1765929600000,"profit_abs":-0.35829886,"wins":0,"draws":0,"losses":1,"trades":1,"profit_factor":0.0},{"date":"18/12/2025","date_ts":1766016000000,"profit_abs":0.1241856,"wins":1,"draws":0,"losses":0,"trades":1,"profit_factor":0.0},{"date":"19/12/2025","date_ts":1766102400000,"profit_abs":0.05279906,"wins":1,"draws":0,"losses":1,"trades":2,"profit_factor":1.74142925}],"week":[{"date":"03/11/2025","date_ts":1762128000000,"profit_abs":-0.22881365,"wins":0,"draws":0,"losses":2,"trades":2,"profit_factor":0.0},{"date":"10/11/2025","date_ts":1762732800000,"profit_abs":-0.07158865,"wins":1,"draws":0,"losses":1,"trades":2,"profit_factor":0.62896141},{"date":"17/11/2025","date_ts":1763337600000,"profit_abs":0.0,"wins":0,"draws":0,"losses":0,"trades":0,"profit_factor":0.0},{"date":"24/11/2025","date_ts":1763942400000,"profit_abs":0.07000432,"wins":2,"draws":0,"losses":2,"trades":4,"profit_factor":1.41238473},{"date":"01/12/2025","date_ts":1764547200000,"profit_abs":-0.0080148,"wins":1,"draws":0,"losses":1,"trades":2,"profit_factor":0.93484718},{"date":"08/12/2025","date_ts":1765152000000,"profit_abs":0.64810632,"wins":6,"draws":0,"losses":2,"trades":8,"profit_factor":5.48428102},{"date":"15/12/2025","date_ts":1765756800000,"profit_abs":0.31906749,"wins":4,"draws":0,"losses":3,"trades":7,"profit_factor":2.57094639},{"date":"22/12/2025","date_ts":1766361600000,"profit_abs":-0.1813142,"wins":2,"draws":0,"losses":2,"trades":4,"profit_factor":0.5778594}],"month":[{"date":"30/11/2025","date_ts":1764460800000,"profit_abs":-0.23841278,"wins":4,"draws":0,"losses":6,"trades":10,"profit_factor":0.66633397},{"date":"31/12/2025","date_ts":1767139200000,"profit_abs":0.78585961,"wins":12,"draws":0,"losses":7,"trades":19,"profit_factor":2.01121343}],"year":[{"date":"31/12/2025","date_ts":1767139200000,"profit_abs":0.54744683,"wins":16,"draws":0,"losses":13,"trades":29,"profit_factor":1.36700256}],"weekday":[{"date":"Monday","date_ts":0,"profit_abs":-0.20419315,"wins":0,"draws":0,"losses":2,"trades":2,"profit_factor":0.0},{"date":"Tuesday","date_ts":1,"profit_abs":0.84819119,"wins":7,"draws":0,"losses":1,"trades":8,"profit_factor":9.33702524},{"date":"Wednesday","date_ts":2,"profit_abs":-0.22351884,"wins":3,"draws":0,"losses":3,"trades":6,"profit_factor":0.62012262},{"date":"Thursday","date_ts":3,"profit_abs":-0.04556928,"wins":1,"draws":0,"losses":2,"trades":3,"profit_factor":0.73155835},{"date":"Friday","date_ts":4,"profit_abs":0.05279906,"wins":1,"draws":0,"losses":1,"trades":2,"profit_factor":1.74142925},{"date":"Saturday","date_ts":5,"profit_abs":-0.1013674,"wins":0,"draws":0,"losses":2,"trades":2,"profit_factor":0.0},{"date":"Sunday","date_ts":6,"profit_abs":0.22110525,"wins":4,"draws":0,"losses":2,"trades":6,"profit_factor":1.8670551}]},"backtest_best_day":0.04495504495504496,"backtest_worst_day":-0.028712728984181254,"backtest_best_day_abs":0.5450592,"backtest_worst_day_abs":-0.35829886,"winning_days":8,"draw_days":32,"losing_days":8,"daily_profit":[["2025-11-02",-0.0620659],["2025-11-03",-0.16674775],["2025-11-04",0.0],["2025-11-05",0.0],["2025-11-06",0.0],["2025-11-07",0.0],["2025-11-08",0.0],["2025-11-09",-0.07158865],["2025-11-10",0.0],["2025-11-11",0.0],["2025-11-12",0.0],["2025-11-13",0.0],["2025-11-14",0.0],["2025-11-15",0.0],["2025-11-16",0.0],["2025-11-17",0.0],["2025-11-18",0.0],["2025-11-19",0.0],["2025-11-20",-0.16975488],["2025-11-21",0.0],["2025-11-22",0.0],["2025-11-23",0.2397592],["2025-11-24",0.0],["2025-11-25",0.0],["2025-11-26",-0.1230154],["2025-11-27",0.0],["2025-11-28",0.0],["2025-11-29",0.0],["2025-11-30",0.1150006],["2025-12-01",0.0],["2025-12-02",0.5450592],["2025-12-03",0.14049252],["2025-12-04",0.0],["2025-12-05",0.0],["2025-12-06",0.0],["2025-12-07",0.0],["2025-12-08",-0.0374454],["2025-12-09",0.30313199],["2025-12-10",0.1173029],["2025-12-11",0.0],["2025-12-12",0.0],["2025-12-13",-0.1013674],["2025-12-14",0.0],["2025-12-15",0.0],["2025-12-16",0.0],["2025-12-17",-0.35829886],["2025-12-18",0.1241856],["2025-12-19",0.05279906]],"wins":16,"losses":13,"draws":0,"winrate":0.5517241379310345,"holding_avg":"1:26:00","holding_avg_s":5160.0,"winner_holding_min":"0d 00:00","winner_holding_min_s":0.0,"winner_holding_max":"0d 03:00","winner_holding_max_s":10800.0,"winner_holding_avg":"0d 00:59","winner_holding_avg_s":3540.0,"loser_holding_min":"0d 00:30","loser_holding_min_s":1800.0,"loser_holding_max":"0d 04:30","loser_holding_max_s":16200.0,"loser_holding_avg":"0d 02:00","loser_holding_avg_s":7200.0,"max_consecutive_wins":7,"max_consecutive_losses":3,"max_drawdown_account":0.009403143600000021,"max_relative_drawdown":0.009403143600000021,"max_drawdown_abs":0.47015718000000006,"drawdown_start":"2025-11-02 09:00:00","drawdown_start_ts":1762074000000.0,"drawdown_end":"2025-11-20 06:45:00","drawdown_end_ts":1763621100000.0,"drawdown_duration":"17 days 21:45:00","drawdown_duration_s":1547100.0,"max_drawdown_low":-0.47015718000000006,"max_drawdown_high":-0.0620659,"csum_min":49.52984282,"csum_max":50.83012843}},"strategy_comparison":[{"key":"scal","trades":29,"profit_mean":0.00157331973091444,"profit_mean_pct":0.16,"profit_total_abs":0.54744683,"profit_total":0.0109489366,"profit_total_pct":1.09,"duration_avg":"1:26:00","wins":16,"draws":0,"losses":13,"winrate":0.5517241379310345,"cagr":0.07787687613248195,"expectancy":0.018877476896551698,"expectancy_ratio":0.16451838902981475,"sortino":2.3835428877924087,"sharpe":1.4815129942969198,"calmar":41.97294431442464,"sqn":0.7499,"profit_factor":1.3670025601434328,"max_drawdown_account":0.009403143600000021,"max_drawdown_abs":"0.47"}]}